timestamp,heatIndex_DHT11,heatIndex_DHT22
2025-03-26 11:16:14.195000+00:00,32.25272841111113,35.9565343445027
2025-03-26 11:16:23.723000+00:00,32.44987954196448,36.338783902599744
2025-03-26 11:16:31.601000+00:00,32.26717274252442,36.0769945446045
2025-03-26 11:16:47.370000+00:00,32.08658024612456,35.845619555884504
2025-03-26 11:17:03.141000+00:00,32.269869933117874,35.95415731456031
2025-03-26 11:17:11.029000+00:00,32.08678250993779,35.95415731456031
2025-03-26 11:17:18.811000+00:00,32.08678250993779,35.74956345544447
2025-03-26 11:17:26.593000+00:00,32.08678250993779,35.74956345544447
2025-03-26 11:17:34.450000+00:00,32.08678250993779,35.803155596475534
2025-03-26 11:17:42.360000+00:00,31.90584509927785,35.572470240439856
2025-03-26 11:17:50.250000+00:00,31.90584509927785,35.572470240439856
2025-03-26 11:17:58.130000+00:00,31.90584509927785,35.59879481214913
2025-03-26 11:18:06.021000+00:00,31.90584509927785,35.59879481214913
2025-03-26 11:18:13.771000+00:00,31.90584509927785,35.3440657761804
2025-03-26 11:18:21.681000+00:00,32.08367004955543,35.3440657761804
2025-03-26 11:18:29.541000+00:00,31.900241944515585,35.3698436952307
2025-03-26 11:18:37.452000+00:00,31.900241944515585,35.395672040515734
2025-03-26 11:18:45.312000+00:00,31.900241944515585,35.16846117248875
2025-03-26 11:18:53.223000+00:00,31.900241944515585,35.193794780735594
2025-03-26 11:19:01.100000+00:00,31.718999418195594,35.21917780488333
2025-03-26 11:19:08.980000+00:00,31.900241944515585,35.21917780488333
2025-03-26 11:19:16.776000+00:00,31.900241944515585,35.270092100881385
2025-03-26 11:19:24.549000+00:00,31.900241944515585,35.06798201706531
2025-03-26 11:19:32.429000+00:00,31.718999418195594,35.295623372731725
2025-03-26 11:19:40.321000+00:00,31.718999418195594,35.06798201706531
2025-03-26 11:19:48.200000+00:00,31.718999418195594,35.06798201706531
2025-03-26 11:19:56.090000+00:00,31.718999418195594,35.09301598989786
2025-03-26 11:20:20.017000+00:00,31.718999418195594,35.09301598989786
2025-03-26 11:20:27.740000+00:00,31.539942470595683,34.91626054008274
2025-03-26 11:20:35.630000+00:00,31.718999418195594,34.91626054008274
2025-03-26 11:20:43.510000+00:00,31.891090598957824,34.69160786004105
2025-03-26 11:20:51.391000+00:00,31.718999418195594,34.69160786004105
2025-03-26 11:20:59.251000+00:00,31.891090598957824,34.71569803201564
2025-03-26 11:21:07.160000+00:00,31.891090598957824,34.73983458029246
2025-03-26 11:21:15.053000+00:00,31.891090598957824,34.73983458029246
2025-03-26 11:21:22.936000+00:00,31.707360894257857,34.76401750487111
2025-03-26 11:21:30.792000+00:00,31.707360894257857,34.76401750487111
2025-03-26 11:21:38.717000+00:00,31.707360894257857,34.78824680575192
2025-03-26 11:21:46.488000+00:00,31.707360894257857,34.58747925487645
2025-03-26 11:21:54.377000+00:00,31.707360894257857,34.58747925487645
2025-03-26 11:22:02.233000+00:00,31.707360894257857,34.58747925487645
2025-03-26 11:22:10.143000+00:00,31.707360894257857,34.61125696499434
2025-03-26 11:22:18.022000+00:00,31.707360894257857,34.635080035349006
2025-03-26 11:22:25.914000+00:00,31.707360894257857,34.411287472325085
2025-03-26 11:22:33.791000+00:00,31.707360894257857,34.411287472325085
2025-03-26 11:22:41.582000+00:00,31.707360894257857,34.411287472325085
2025-03-26 11:22:49.462000+00:00,31.707360894257857,34.43461301311579
2025-03-26 11:22:57.352000+00:00,31.707360894257857,34.45798289664519
2025-03-26 11:23:20.965000+00:00,31.707360894257857,34.45798289664519
2025-03-26 11:23:28.663000+00:00,31.707360894257857,34.48139712291342
2025-03-26 11:23:36.573000+00:00,31.707360894257857,34.258323658616646
2025-03-26 11:23:44.458000+00:00,31.52585219119787,34.258323658616646
2025-03-26 11:23:52.239000+00:00,31.52585219119787,34.258323658616646
2025-03-26 11:24:00.118000+00:00,31.52585219119787,34.281239766726856
2025-03-26 11:24:08.008000+00:00,31.52585219119787,34.30419919864506
2025-03-26 11:24:15.888000+00:00,31.52585219119787,34.05997814355559
2025-03-26 11:24:23.776000+00:00,31.52585219119787,34.30419919864506
2025-03-26 11:24:32.031000+00:00,31.707360894257857,34.05997814355559
2025-03-26 11:24:40.223000+00:00,31.52585219119787,34.08239757561111
2025-03-26 11:24:48.050000+00:00,31.52585219119787,34.327201954371176
2025-03-26 11:24:55.797000+00:00,31.52585219119787,34.08239757561111
2025-03-26 11:25:03.716000+00:00,31.52585219119787,34.08239757561111
2025-03-26 11:25:11.592000+00:00,31.52585219119787,34.1048593111111
2025-03-26 11:25:19.452000+00:00,31.52585219119787,34.1048593111111
2025-03-26 11:25:27.336000+00:00,31.52585219119787,34.12736335005545
2025-03-26 11:25:52.142000+00:00,31.52585219119787,34.1048593111111
2025-03-26 11:26:00.032000+00:00,31.52585219119787,34.1048593111111
2025-03-26 11:26:07.927000+00:00,31.52585219119787,34.12736335005545
2025-03-26 11:26:15.798000+00:00,31.52585219119787,34.1048593111111
2025-03-26 11:26:23.588000+00:00,31.52585219119787,34.12736335005545
2025-03-26 11:26:31.358000+00:00,31.52585219119787,34.12736335005545
2025-03-26 11:26:39.242000+00:00,31.52585219119787,34.12736335005545
2025-03-26 11:26:47.021000+00:00,31.34656448977779,34.12736335005545
2025-03-26 11:26:54.813000+00:00,31.34656448977779,33.90684340382545
2025-03-26 11:27:02.692000+00:00,31.34656448977779,33.90684340382545
2025-03-26 11:27:10.580000+00:00,31.34656448977779,33.92885016092768
2025-03-26 11:27:18.431000+00:00,31.34656448977779,33.90684340382545
2025-03-26 11:27:26.349000+00:00,31.34656448977779,33.92885016092768
2025-03-26 11:27:34.303000+00:00,31.52585219119787,33.92885016092768
2025-03-26 11:27:42.221000+00:00,31.52585219119787,33.950898199678115
2025-03-26 11:27:50.100000+00:00,31.34656448977779,33.950898199678115
2025-03-26 11:27:57.991000+00:00,31.52585219119787,33.950898199678115
2025-03-26 11:28:05.870000+00:00,31.34656448977779,33.950898199678115
2025-03-26 11:28:26.062000+00:00,31.34656448977779,33.47537740786902
2025-03-26 11:28:33.950000+00:00,31.34656448977779,33.97298752007641
2025-03-26 11:28:41.842000+00:00,31.34656448977779,33.97298752007641
2025-03-26 11:28:49.824000+00:00,31.34656448977779,33.97298752007641
2025-03-26 11:28:57.597000+00:00,31.34656448977779,33.97298752007641
2025-03-26 11:29:05.489000+00:00,31.34656448977779,33.97298752007641
2025-03-26 11:29:26.433000+00:00,31.34656448977779,33.97298752007641
2025-03-26 11:29:34.625000+00:00,31.34656448977779,33.97298752007641
2025-03-26 11:29:42.556000+00:00,31.34656448977779,33.753220912918636
2025-03-26 16:03:00.002000+00:00,28.523364554595634,30.2598599949533
2025-03-26 16:03:07.913000+00:00,28.523364554595634,30.323046931853995
2025-03-26 16:03:15.790000+00:00,28.68820944361562,30.31098064851234
2025-03-26 16:03:23.682000+00:00,28.68820944361562,30.31098064851234
2025-03-26 16:03:31.725000+00:00,28.68820944361562,30.298932804799644
2025-03-26 16:03:39.552000+00:00,28.68820944361562,30.298932804799644
2025-03-26 16:03:47.431000+00:00,28.68820944361562,30.31098064851234
2025-03-26 16:03:55.321000+00:00,28.68820944361562,30.31098064851234
2025-03-26 16:04:03.102000+00:00,28.68820944361562,30.323046931853995
2025-03-26 16:04:10.883000+00:00,28.855553559555556,30.31098064851234
2025-03-26 16:04:18.671000+00:00,28.855553559555556,30.31098064851234
2025-03-26 16:04:26.451000+00:00,28.855553559555556,30.31098064851234
2025-03-26 16:04:34.435000+00:00,28.855553559555556,30.31098064851234
2025-03-26 16:04:42.286000+00:00,28.855553559555556,30.31098064851234
2025-03-26 16:04:50.205000+00:00,28.855553559555556,30.31098064851234
2025-03-26 16:04:58.263000+00:00,28.855553559555556,30.31098064851234
2025-03-26 16:05:06.285000+00:00,28.855553559555556,30.31098064851234
2025-03-26 16:05:14.166000+00:00,28.855553559555556,30.31098064851234
2025-03-26 16:05:22.055000+00:00,28.855553559555556,30.298932804799644
2025-03-26 16:05:29.936000+00:00,28.855553559555556,30.298932804799644
2025-03-26 16:05:37.901000+00:00,28.855553559555556,30.298932804799644
2025-03-26 16:05:45.811000+00:00,29.02539690241556,30.31098064851234
2025-03-26 16:06:08.881000+00:00,29.02539690241556,30.31098064851234
2025-03-26 16:06:16.732000+00:00,29.02539690241556,30.298932804799644
2025-03-26 16:06:24.588000+00:00,29.02539690241556,30.28690340071559
2025-03-26 16:06:32.362000+00:00,29.02539690241556,30.28690340071559
2025-03-26 16:06:40.177000+00:00,29.02539690241556,30.28690340071559
2025-03-26 16:06:47.966000+00:00,29.02539690241556,30.28690340071559
2025-03-26 16:06:55.847000+00:00,28.93825197769789,30.298932804799644
2025-03-26 16:07:03.596000+00:00,29.105816139857836,30.31098064851234
2025-03-26 16:07:11.516000+00:00,29.105816139857836,30.31098064851234
2025-03-26 16:07:19.504000+00:00,29.105816139857836,30.31098064851234
2025-03-26 16:07:27.291000+00:00,29.105816139857836,30.298932804799644
2025-03-26 16:07:35.072000+00:00,29.105816139857836,30.298932804799644
2025-03-26 16:07:42.852000+00:00,29.105816139857836,30.298932804799644
2025-03-26 16:07:50.637000+00:00,29.105816139857836,30.28690340071559
2025-03-26 16:07:58.413000+00:00,29.105816139857836,30.28690340071559
2025-03-26 16:08:06.288000+00:00,29.105816139857836,30.28690340071559
2025-03-26 16:08:14.101000+00:00,29.105816139857836,30.298932804799644
2025-03-26 16:08:21.960000+00:00,29.105816139857836,30.31098064851234
2025-03-26 16:08:29.755000+00:00,29.27584525225799,30.31098064851234
2025-03-26 16:08:37.645000+00:00,29.105816139857836,30.298932804799644
2025-03-26 16:08:45.630000+00:00,29.27584525225799,30.298932804799644
2025-03-26 16:08:53.523000+00:00,29.27584525225799,30.31098064851234
2025-03-26 16:09:01.297000+00:00,29.27584525225799,30.298932804799644
2025-03-26 16:09:09.179000+00:00,29.27584525225799,30.298932804799644
2025-03-26 16:09:17.069000+00:00,29.27584525225799,30.28690340071559
2025-03-26 16:09:24.948000+00:00,29.27584525225799,30.298932804799644
2025-03-26 16:09:32.938000+00:00,29.27584525225799,30.298932804799644
2025-03-26 16:09:40.716000+00:00,29.27584525225799,30.298932804799644
2025-03-26 16:09:48.563000+00:00,29.27584525225799,30.298932804799644
2025-03-26 16:09:56.383000+00:00,29.27584525225799,30.31098064851234
2025-03-26 16:10:04.262000+00:00,29.27584525225799,30.31098064851234
2025-03-26 16:10:12.154000+00:00,29.27584525225799,30.31098064851234
2025-03-26 16:10:20.019000+00:00,29.448339314897883,30.298932804799644
2025-03-26 16:10:27.817000+00:00,29.27584525225799,30.28690340071559
2025-03-26 16:10:35.710000+00:00,29.27584525225799,30.298932804799644
2025-03-26 16:10:43.482000+00:00,29.180530438504523,30.298932804799644
2025-03-26 16:10:51.334000+00:00,29.348283445084366,30.28690340071559
2025-03-26 16:10:59.113000+00:00,29.348283445084366,30.274892436260572
2025-03-26 16:11:06.932000+00:00,29.348283445084366,30.274892436260572
2025-03-26 16:11:14.930000+00:00,29.348283445084366,30.28690340071559
2025-03-26 16:11:22.795000+00:00,29.348283445084366,30.274892436260572
2025-03-26 16:11:30.683000+00:00,29.348283445084366,30.274892436260572
2025-03-26 16:11:38.558000+00:00,29.348283445084366,30.274892436260572
2025-03-26 16:11:46.474000+00:00,29.348283445084366,30.274892436260572
2025-03-26 16:11:54.470000+00:00,29.348283445084366,30.274892436260572
2025-03-26 16:12:02.456000+00:00,29.348283445084366,30.274892436260572
2025-03-26 16:12:10.244000+00:00,29.348283445084366,30.274892436260572
2025-03-26 16:12:18.189000+00:00,29.348283445084366,30.482434930479787
2025-03-26 16:12:25.999000+00:00,29.348283445084366,30.274892436260572
2025-03-26 16:12:33.756000+00:00,29.518466981944545,30.262899911434268
2025-03-26 16:12:41.675000+00:00,29.348283445084366,30.274892436260572
2025-03-26 16:12:49.662000+00:00,29.518466981944545,30.469903966235652
2025-03-26 16:12:57.570000+00:00,29.348283445084366,30.262899911434268
2025-03-26 16:13:05.636000+00:00,29.348283445084366,30.262899911434268
2025-03-26 16:13:13.419000+00:00,29.518466981944545,30.250925826237008
2025-03-26 16:13:21.273000+00:00,29.518466981944545,30.457392494938322
2025-03-26 16:13:29.086000+00:00,29.518466981944545,30.457392494938322
2025-03-26 16:13:36.867000+00:00,29.518466981944545,30.262899911434268
2025-03-26 16:13:44.828000+00:00,29.518466981944545,30.250925826237008
2025-03-26 16:13:55.365000+00:00,29.518466981944545,30.457392494938322
2025-03-26 16:14:03.186000+00:00,29.518466981944545,30.262899911434268
2025-03-26 16:14:11.071000+00:00,29.348283445084366,30.250925826237008
2025-03-26 16:14:18.850000+00:00,29.518466981944545,30.457392494938322
2025-03-26 16:14:26.739000+00:00,29.518466981944545,30.250925826237008
2025-03-26 16:14:34.492000+00:00,29.518466981944545,30.457392494938322
2025-03-26 16:14:42.300000+00:00,29.518466981944545,30.250925826237008
2025-03-26 16:14:50.109000+00:00,29.518466981944545,30.250925826237008
2025-03-26 16:14:58.075000+00:00,29.518466981944545,30.457392494938322
2025-03-26 16:15:05.861000+00:00,29.518466981944545,30.250925826237008
2025-03-26 16:15:13.997000+00:00,29.348283445084366,30.250925826237008
2025-03-26 16:15:24.757000+00:00,29.518466981944545,30.250925826237008
2025-03-26 16:15:32.564000+00:00,29.348283445084366,30.457392494938322
2025-03-26 16:15:40.553000+00:00,29.518466981944545,30.250925826237008
2025-03-26 16:15:48.444000+00:00,29.518466981944545,30.250925826237008
2025-03-26 16:15:56.527000+00:00,29.518466981944545,30.250925826237008
2025-03-26 16:16:04.420000+00:00,29.518466981944545,30.23897018066837
2025-03-26 16:16:12.168000+00:00,29.518466981944545,30.457392494938322
2025-03-26 16:16:19.988000+00:00,29.518466981944545,30.23897018066837
2025-03-26 16:16:27.971000+00:00,29.518466981944545,30.444900516588113
2025-03-26 16:16:35.760000+00:00,29.518466981944545,30.250925826237008
2025-03-26 16:16:43.904000+00:00,29.518466981944545,30.262899911434268
2025-03-26 16:17:04.424000+00:00,29.518466981944545,30.469903966235652
2025-03-26 16:17:12.428000+00:00,29.518466981944545,30.469903966235652
2025-03-26 16:17:12.679000+00:00,29.348283445084366,30.262899911434268
2025-03-26 16:17:20.474000+00:00,29.518466981944545,30.274892436260572
2025-03-26 16:17:44.071000+00:00,29.518466981944545,30.507555337808387
2025-03-28 09:17:09.082000+00:00,36.440528939715605,40.08216025902209
2025-03-28 09:19:28.262000+00:00,36.440528939715605,40.25873137020457
2025-03-28 09:20:31.122000+00:00,36.67203977659556,40.18588352907596
2025-03-28 09:21:34.025000+00:00,36.67203977659556,40.22227523940675
2025-03-28 09:22:36.880000+00:00,36.90573619219552,40.18588352907596
2025-03-28 09:23:39.785000+00:00,36.90573619219552,40.434496221700925
2025-03-28 09:24:42.751000+00:00,37.141618186515544,40.397598994050696
2025-03-28 09:25:45.605000+00:00,36.84174641063785,40.324000766676946
2025-03-28 09:26:48.392000+00:00,37.07428412177793,40.60945045046257
2025-03-28 09:27:51.248000+00:00,37.07428412177793,40.46050543107569
2025-03-28 09:28:54.050000+00:00,37.07428412177793,40.423435168023936
2025-03-29 04:32:44.442000+00:00,22.415000000000006,21.450444444444443
2025-03-29 04:33:07.203000+00:00,22.415000000000006,21.581333333333337
2025-03-29 04:34:18.829000+00:00,22.388888888888896,21.453055555555554
2025-03-29 04:35:17.555000+00:00,22.388888888888896,21.557833333333335
2025-03-29 12:28:01.931000+00:00,36.72987025969787,40.44197833119574
2025-03-29 12:29:05.033000+00:00,37.20615874945777,40.36848628539868
2025-03-29 12:29:45.790000+00:00,37.141618186515544,40.7971256508524
2025-03-29 12:30:51.505000+00:00,37.784797330317716,40.973460409055754
2025-03-29 12:31:54.583000+00:00,37.7046980159646,42.04503807116466
2025-03-29 12:32:57.500000+00:00,37.784797330317716,42.77528859346446
2025-03-29 12:34:00.351000+00:00,37.784797330317716,42.817906963460636
2025-03-29 12:35:03.248000+00:00,37.784797330317716,43.82934274449788
2025-03-29 12:36:06.025000+00:00,37.308971845437874,43.44094355357868
2025-04-10 12:28:32.241000+00:00,28.009019999235605,29.376922408489023
2025-04-10 12:28:40.109000+00:00,28.057169628817803,29.608555705004328
2025-04-10 12:28:47.888000+00:00,28.057169628817803,29.376922408489023
2025-04-10 12:28:55.669000+00:00,28.009019999235605,29.608555705004328
2025-04-10 12:29:03.459000+00:00,28.057169628817803,29.376922408489023
2025-04-10 12:29:11.238000+00:00,28.057169628817803,29.376922408489023
2025-04-10 12:29:19.017000+00:00,28.057169628817803,29.376922408489023
2025-04-10 12:29:26.812000+00:00,28.009019999235605,29.376922408489023
2025-04-10 12:29:34.568000+00:00,28.203935429235557,29.376922408489023
2025-04-10 12:29:42.348000+00:00,28.257629786317793,29.376922408489023
2025-04-10 12:29:50.129000+00:00,28.203935429235557,29.376922408489023
2025-04-10 12:30:33.123000+00:00,28.203935429235557,29.376922408489023
2025-04-10 12:31:35.943000+00:00,28.203935429235557,29.393571397770863
2025-04-10 12:32:38.723000+00:00,28.203935429235557,29.385242455484438
2025-04-10 12:33:41.469000+00:00,28.203935429235557,29.393571397770863
2025-04-10 12:34:44.263000+00:00,28.203935429235557,29.410255968216045
2025-04-10 12:35:47.036000+00:00,28.257629786317793,29.376922408489023
2025-04-10 12:36:49.814000+00:00,39.51791192177791,29.42697611982453
2025-04-10 12:37:52.678000+00:00,43.288116035431095,95.40329812169452
2025-04-10 12:38:55.737000+00:00,45.348504165777776,91.92987314281635
2025-04-10 12:39:58.918000+00:00,40.93128936727782,76.65763394667864
2025-04-10 12:41:02.033000+00:00,38.80104497461124,67.03441977298527
2025-04-10 12:42:04.809000+00:00,35.76836392833767,57.910941847678565
2025-04-10 12:43:07.686000+00:00,34.0846407567712,50.857121237333004
2025-04-10 12:44:10.932000+00:00,33.20184977012445,45.67442566199111
2025-04-10 12:45:13.847000+00:00,32.64574847868458,41.698245922115575
2025-04-10 12:46:17.367000+00:00,31.840314627111134,39.37487351303119
2025-04-10 12:47:20.096000+00:00,31.394054377475715,37.57464531992399
2025-04-15 16:57:25.536000+00:00,30.15387115511095,32.81429637558462
2025-04-15 16:58:28.389000+00:00,30.15387115511095,32.506715875696386
2025-04-15 16:59:31.481000+00:00,30.15387115511095,32.45341148036281
2025-04-15 17:00:34.456000+00:00,30.15387115511095,32.488917796595544
2025-04-15 17:01:37.220000+00:00,30.031124715111105,32.270608074800634
2025-04-15 17:02:03.101000+00:00,30.031124715111105,32.270608074800634
2025-04-15 17:03:06.261000+00:00,30.15387115511095,32.270608074800634
2025-04-15 17:04:09.032000+00:00,30.15387115511095,32.30513348776488
2025-04-15 17:05:11.974000+00:00,30.15387115511095,32.33977453406058
2025-04-15 17:06:17.882000+00:00,30.15387115511095,32.39195291600029
2025-04-15 17:07:20.590000+00:00,33.04306629900452,32.33977453406058
2025-04-15 17:08:23.925000+00:00,34.122012643111184,43.40682852653111
2025-04-15 17:09:26.850000+00:00,35.2301474673956,47.102529363886845
2025-04-15 17:10:29.624000+00:00,35.309806922017756,46.77947086113777
2025-04-15 17:11:32.496000+00:00,35.64194929747572,48.70169793196665
2025-04-15 17:12:35.361000+00:00,35.64194929747572,47.75655375512398
2025-04-15 17:13:38.245000+00:00,35.049584009775636,52.52424214692131
2025-04-15 17:14:41.323000+00:00,33.59154168993786,44.79615714504357
2025-04-15 17:15:44.201000+00:00,32.930913029315576,42.04992641626099
2025-04-15 17:16:46.976000+00:00,32.06808781111105,39.93802023063119
2025-04-15 17:17:49.856000+00:00,31.907213934815623,39.268353762857906
2025-04-15 17:18:52.704000+00:00,31.557488575164523,37.557238056603666
2025-04-15 17:19:55.498000+00:00,31.3759329424179,36.58133410785614
2025-04-15 17:20:58.276000+00:00,31.18838531155553,35.74956345544447
2025-04-15 17:22:01.020000+00:00,30.84557046739562,35.32120406048289
2025-04-15 17:23:04.280000+00:00,30.822027395357768,34.885627772295535
2025-04-15 17:23:53.523000+00:00,30.65162370049792,34.5991333953374
2025-04-15 17:24:56.725000+00:00,33.78802762316448,34.28607611911103
2025-04-15 17:25:59.426000+00:00,35.57637285346453,47.974425850855724
2025-04-15 17:27:02.196000+00:00,36.37384144473775,50.1397640227277
2025-04-15 17:28:05.554000+00:00,36.49130144410457,50.137111094452
2025-04-15 17:29:08.466000+00:00,36.806334923075546,50.3718548902045
2025-04-15 17:30:11.345000+00:00,36.60358037643559,51.14305950847557
2025-04-15 17:31:14.319000+00:00,36.91213621255112,54.81738858228496
2025-04-15 17:32:17.554000+00:00,36.11713430647121,54.37017802820664
2025-04-15 17:33:20.744000+00:00,34.9225023221844,47.66133907316843
2025-04-15 17:34:23.819000+00:00,33.86863103313777,44.57518267082657
2025-04-15 17:35:26.936000+00:00,33.2305723817778,42.02028900268099
2025-04-15 17:36:29.927000+00:00,32.55436176994443,40.35329448361709
2025-04-15 17:37:32.780000+00:00,32.056625053715564,38.98827382823485
2025-04-15 17:38:36.134000+00:00,32.083263958115566,37.7046980159646
2025-04-15 17:39:38.876000+00:00,31.908102052764555,36.99091423177628
2025-04-15 17:40:41.937000+00:00,31.385353290924552,36.49505751727794
2025-04-20 09:21:00.582000+00:00,35.2301474673956,40.78151394034942
2025-04-20 09:22:04.298000+00:00,34.972040449724425,41.020342682863706
2025-04-20 09:23:07.547000+00:00,35.17155097786453,40.70927075041649
2025-04-20 09:24:10.520000+00:00,35.43455554731567,40.63506075076598
2025-04-20 09:25:13.638000+00:00,35.43455554731567,41.0988725860359
2025-04-20 09:26:16.714000+00:00,35.2301474673956,41.33225874590059
2025-04-20 09:27:19.579000+00:00,35.2301474673956,41.372176387991125
2025-04-20 09:28:22.354000+00:00,35.49429956215103,41.8163632521805
2025-04-20 09:29:25.133000+00:00,35.43455554731567,42.05733512821186
2025-04-20 09:30:27.900000+00:00,35.43455554731567,41.45224316313554
2025-04-20 09:31:30.658000+00:00,35.2301474673956,41.61330267727783
2025-04-20 09:32:33.433000+00:00,35.2301474673956,41.13825182563117
2025-04-20 09:33:36.228000+00:00,35.49429956215103,40.90537820099483
2025-04-20 09:34:39.104000+00:00,35.49429956215103,41.8163632521805
2025-04-20 09:35:41.860000+00:00,35.43455554731567,42.14020376928934
2025-04-20 09:36:44.643000+00:00,35.43455554731567,42.01601800847837
2025-04-20 09:37:47.398000+00:00,35.70370465117113,42.30687865788444
2025-04-20 09:38:50.173000+00:00,35.43455554731567,41.89253545249787
2025-04-20 09:39:52.948000+00:00,35.70370465117113,41.68829386993116
2025-04-20 09:40:55.830000+00:00,35.2301474673956,42.25749069798439
2025-04-20 09:41:58.709000+00:00,35.2301474673956,42.132357149023875
2025-04-20 09:43:01.582000+00:00,35.02770941979571,41.63894219193738
2025-04-20 09:44:04.352000+00:00,34.7744635280245,41.245838168848366
2025-04-20 09:45:08.937000+00:00,35.02770941979571,40.40629361721038
2025-04-20 09:46:11.726000+00:00,35.02770941979571,40.82776854916242
2025-04-20 09:47:14.499000+00:00,35.2301474673956,41.0988725860359
2025-04-20 09:48:17.268000+00:00,35.2301474673956,41.49239229618938
2025-04-20 09:49:20.036000+00:00,35.2301474673956,41.41217119373612
2025-04-20 09:50:22.799000+00:00,35.2301474673956,41.1777072572323
2025-04-20 09:54:45.491000+00:00,35.2301474673956,41.49239229618938
2025-04-20 09:54:45.493000+00:00,35.2301474673956,41.41217119373612
2025-04-20 09:54:45.496000+00:00,35.2301474673956,41.41217119373612
2025-04-20 09:54:48.259000+00:00,35.2301474673956,41.445782388562456
2025-04-20 09:55:51.016000+00:00,35.2301474673956,41.405637276879716
2025-04-22 12:03:14.394000+00:00,32.269283733315575,35.23230456925603
2025-04-22 12:04:18.052000+00:00,32.269283733315575,35.469132322256144
2025-04-22 12:05:20.837000+00:00,32.457082995795666,40.23907980353642
2025-04-22 12:06:23.698000+00:00,32.647067836995575,44.114192444228905
2025-04-22 12:07:26.466000+00:00,32.45510736881766,64.4182351364046
2025-04-22 12:08:29.244000+00:00,32.64249481703777,46.27317044005565
2025-04-22 12:09:32.010000+00:00,32.45510736881766,45.91488937436446
2025-04-22 12:10:34.792000+00:00,32.45510736881766,43.14928294280781
2025-04-22 12:11:37.551000+00:00,32.45510736881766,41.47625143479118
2025-04-22 12:12:40.322000+00:00,32.45510736881766,40.608953162088795
2025-04-22 12:13:43.094000+00:00,32.457082995795666,39.66495525932347
2025-04-22 12:14:45.884000+00:00,32.269869933117874,39.07253224595796
2025-04-23 08:33:52.414000+00:00,33.69993793237112,38.041352925575694
2025-04-23 08:34:55.304000+00:00,33.69993793237112,38.995069954754655
2025-04-23 08:35:58.062000+00:00,33.891286187111156,39.133125912382454
2025-04-23 08:37:00.841000+00:00,33.69993793237112,39.133125912382454
2025-04-23 08:38:03.611000+00:00,33.69993793237112,39.167805893584436
2025-04-23 08:39:06.383000+00:00,33.69993793237112,39.395623250736314
2025-04-23 08:40:09.161000+00:00,33.69993793237112,38.83887619319992
2025-04-23 08:41:12.034000+00:00,33.510595992551096,38.771033985004436
2025-04-23 08:42:14.814000+00:00,33.510595992551096,38.39213938777644
2025-04-23 08:43:17.593000+00:00,33.34978949943118,38.52439155794104
2025-04-23 08:44:20.363000+00:00,33.34978949943118,38.23955761052281
2025-04-23 08:45:23.119000+00:00,33.34978949943118,38.304570483910105
2025-04-23 08:46:25.898000+00:00,33.37381072905563,38.530830720675745
2025-04-23 08:47:28.774000+00:00,33.37381072905563,38.49776179827798
2025-04-23 08:48:31.544000+00:00,32.99469082881566,38.27203332454433
2025-04-23 08:49:34.321000+00:00,32.99469082881566,37.855631932047864
2025-04-23 08:50:37.089000+00:00,33.01068575852462,38.01391454021302
2025-04-23 08:51:39.966000+00:00,32.821636049964475,37.788600023895576
2025-04-23 08:52:42.732000+00:00,32.821636049964475,37.43253102407126
2025-04-23 08:53:45.507000+00:00,32.821636049964475,37.49340552875181
2025-04-23 08:54:48.289000+00:00,32.6347006444444,37.35925452252774
2025-04-23 08:55:51.049000+00:00,32.6347006444444,37.04609300239074
2025-04-23 08:56:53.829000+00:00,32.832032277777756,36.91125608477439
2025-04-23 08:57:56.599000+00:00,32.832032277777756,36.99867237578645
2025-04-23 08:58:59.360000+00:00,32.832032277777756,36.80368487647563
2025-04-23 09:00:02.141000+00:00,32.832032277777756,36.774974650897775
2025-04-23 09:01:04.908000+00:00,32.832032277777756,36.608962866029486
2025-04-23 09:02:07.790000+00:00,33.04010986159781,36.63724197290858
2025-04-23 09:03:10.566000+00:00,32.832032277777756,36.919050204831166
2025-04-23 09:04:13.340000+00:00,32.832032277777756,37.23413422531347
2025-04-23 09:05:16.098000+00:00,32.843054147057764,36.86126265544449
2025-04-23 09:06:18.879000+00:00,32.64821943415781,36.525997432553055
2025-04-23 09:07:21.654000+00:00,32.84327924820455,36.24243088723327
2025-04-23 09:08:24.422000+00:00,32.84327924820455,36.125237885075556
2025-04-23 09:09:27.203000+00:00,32.84327924820455,36.2059609718605
2025-04-23 09:10:29.961000+00:00,33.04306629900452,36.48908286583966
2025-04-23 09:11:32.748000+00:00,33.24710429283559,36.719494934905406
2025-04-23 09:12:35.526000+00:00,33.24710429283559,37.00879884800931
2025-04-23 09:13:38.288000+00:00,33.454237565375564,37.42022034006384
2025-04-23 09:14:41.060000+00:00,33.454237565375564,37.24298473379179
2025-04-23 09:15:43.826000+00:00,33.239386577777815,37.12585636566472
2025-04-23 09:16:46.608000+00:00,33.239386577777815,37.18431767945625
2025-04-23 09:17:49.376000+00:00,33.239386577777815,37.29978242977783
2025-04-23 09:18:52.154000+00:00,33.239386577777815,37.442969397252
2025-04-23 09:19:54.925000+00:00,33.239386577777815,37.56347965129794
2025-04-23 09:20:57.702000+00:00,33.239386577777815,37.829641823058004
2025-04-23 09:22:00.457000+00:00,33.440884295597854,37.829641823058004
2025-04-23 09:23:03.240000+00:00,33.440884295597854,38.03546436876438
2025-04-23 09:24:06.018000+00:00,33.440884295597854,38.19289173259434
2025-04-23 09:25:08.788000+00:00,33.64460301505793,38.03546436876438
2025-04-23 09:26:11.552000+00:00,33.64460301505793,38.27339146289845
2025-04-23 09:27:14.334000+00:00,33.64460301505793,38.27339146289845
2025-04-23 09:28:17.104000+00:00,33.64460301505793,38.27339146289845
2025-04-23 09:29:19.869000+00:00,33.64460301505793,38.27339146289845
2025-04-23 09:30:22.649000+00:00,33.440884295597854,38.27339146289845
2025-04-23 09:31:25.421000+00:00,33.440884295597854,38.33731470768138
2025-04-23 09:32:28.197000+00:00,33.440884295597854,38.06683892870464
2025-04-23 09:33:30.968000+00:00,33.440884295597854,38.17793003184934
2025-04-23 09:34:33.828000+00:00,33.23013583291552,38.14622247113302
2025-04-23 09:35:36.604000+00:00,33.23013583291552,38.019956809768495
2025-04-23 09:36:39.385000+00:00,32.832032277777756,38.22274129965628
2025-04-23 09:37:42.270000+00:00,32.832032277777756,37.35925452252774
2025-04-23 09:38:45.016000+00:00,33.03359425555552,37.11597571142938
2025-04-23 09:39:47.795000+00:00,33.03359425555552,37.584629244752385
2025-04-23 09:40:50.574000+00:00,33.03359425555552,37.75558886787981
2025-04-23 09:41:53.343000+00:00,33.03359425555552,37.253427313459824
2025-04-23 09:42:56.121000+00:00,33.03359425555552,37.72476887206798
2025-04-23 09:43:58.911000+00:00,32.832032277777756,37.54101348186674
2025-04-23 09:45:01.673000+00:00,33.02371975103776,37.615832035913336
2025-04-23 09:46:04.431000+00:00,33.02371975103776,37.781102919722876
2025-04-23 09:47:07.203000+00:00,32.821636049964475,37.65698902981616
2025-04-23 09:48:09.985000+00:00,33.02371975103776,37.49340552875181
2025-04-23 09:49:12.765000+00:00,33.01068575852462,37.71893105786066
2025-04-23 09:50:15.626000+00:00,33.20184977012445,37.85126178862761
2025-04-23 09:51:18.401000+00:00,33.20184977012445,37.91415738266393
2025-04-23 10:31:05.544000+00:00,33.395128084764515,38.14161081251231
2025-04-23 10:31:05.555000+00:00,33.18321155379563,38.20813385070445
2025-04-23 10:31:05.559000+00:00,33.20184977012445,38.20581567725109
2025-04-23 10:31:05.560000+00:00,33.395128084764515,37.8871695441513
2025-04-23 10:31:05.561000+00:00,33.18321155379563,38.015548359094765
2025-04-23 10:31:05.562000+00:00,33.18321155379563,37.88836704677188
2025-04-23 10:31:05.562000+00:00,32.79206791119115,37.699408601412976
2025-04-23 10:31:05.563000+00:00,32.80824855411573,37.38699814242631
2025-04-23 10:31:05.564000+00:00,32.80824855411573,37.478798639797844
2025-04-23 10:31:05.564000+00:00,32.62388472969561,37.540291258009
2025-04-23 10:31:05.565000+00:00,32.821636049964475,38.97273863905566
2025-04-23 10:31:05.567000+00:00,32.821636049964475,37.72617208846763
2025-04-23 10:31:05.568000+00:00,32.821636049964475,37.72617208846763
2025-04-23 10:31:05.569000+00:00,32.83923825691561,36.89963066319847
2025-04-23 10:31:05.570000+00:00,32.83923825691561,37.01669162806681
2025-04-23 10:31:12.716000+00:00,32.83923825691561,36.882224218383875
2025-04-23 10:31:17.566000+00:00,32.83923825691561,36.882224218383875
2025-04-23 10:31:59.760000+00:00,32.83923825691561,37.10505911076772
2025-04-23 10:33:02.538000+00:00,33.04010986159781,36.85324580063335
2025-04-23 10:34:05.316000+00:00,33.04010986159781,37.02791803673709
2025-04-23 10:35:08.095000+00:00,32.647067836995575,37.057217146327794
2025-04-23 10:36:10.860000+00:00,32.64821943415781,36.52443415620909
2025-04-23 10:37:13.645000+00:00,32.26521301327779,36.442309969811944
2025-04-23 10:38:16.514000+00:00,32.26521301327779,36.470155364490815
2025-04-23 10:39:19.386000+00:00,32.45047399044444,36.30242888556837
2025-04-23 10:40:22.166000+00:00,32.26521301327779,36.02647616514257
2025-04-23 10:41:24.935000+00:00,32.45047399044444,36.27501980948599
2025-04-23 10:42:27.696000+00:00,32.455605722897936,36.053301090934724
2025-04-23 10:43:30.478000+00:00,32.64821943415781,36.63724197290858
2025-04-23 10:44:33.346000+00:00,32.455605722897936,36.331432653445034
2025-04-23 10:45:36.133000+00:00,32.64821943415781,36.359076343184526
2025-04-23 10:46:38.888000+00:00,32.832032277777756,37.72476887206798
2025-04-23 10:47:41.661000+00:00,33.41354473511771,39.54863223211848
2025-04-23 10:48:44.437000+00:00,32.832032277777756,38.11156907643086
2025-04-23 10:49:47.202000+00:00,32.832032277777756,37.918766611019315
2025-04-23 10:50:49.983000+00:00,32.832032277777756,38.045749426140745
2025-04-23 10:51:52.854000+00:00,33.41354473511771,38.37028415657724
2025-04-23 10:52:55.638000+00:00,33.59052070244432,38.79762988529791
2025-04-23 10:53:58.400000+00:00,33.20184977012445,38.59715588092463
2025-04-24 06:54:25.642000+00:00,32.77329138247108,36.96690400375789
2025-04-24 06:55:28.601000+00:00,33.161839849111075,37.41753985089079
2025-04-24 06:56:31.367000+00:00,33.34978949943118,37.79273507213566
2025-04-24 06:57:34.237000+00:00,33.13793105767113,37.85672284561833
2025-04-24 06:58:37.483000+00:00,33.32326036765115,38.174790518511855
2025-04-24 06:59:40.482000+00:00,33.32326036765115,37.95004122481074
2025-04-24 07:00:43.267000+00:00,33.73181616279121,38.07810072057563
2025-04-24 07:01:46.617000+00:00,33.73181616279121,38.04599367861839
2025-04-24 07:02:49.353000+00:00,33.73181616279121,38.36611049353125
2025-04-24 07:03:52.087000+00:00,33.92589317583125,38.59715588092463
2025-04-24 07:04:55.343000+00:00,33.92589317583125,38.791940547488416
2025-04-24 07:05:58.726000+00:00,33.92589317583125,39.124087736233314
2025-04-24 07:07:01.811000+00:00,33.92589317583125,38.98689555559965
2025-04-24 07:08:04.526000+00:00,33.92589317583125,39.25142382431567
2025-04-24 07:09:07.650000+00:00,33.92589317583125,39.25142382431567
2025-04-24 07:10:10.571000+00:00,33.92589317583125,39.28622795408286
2025-04-24 07:11:13.721000+00:00,33.92589317583125,39.009626376593275
2025-04-24 07:12:16.630000+00:00,33.69993793237112,38.941130075309424
2025-04-24 07:13:19.777000+00:00,33.69993793237112,38.83887619319992
2025-04-24 07:14:22.503000+00:00,33.69993793237112,38.97534552129699
2025-04-24 07:15:25.560000+00:00,33.92589317583125,39.009626376593275
2025-04-24 07:16:28.810000+00:00,33.69993793237112,38.816854790311695
2025-04-24 07:17:31.978000+00:00,33.479126202515594,38.283546979820045
2025-04-24 07:18:34.799000+00:00,33.294418445795635,38.44843410776041
2025-04-24 07:19:37.555000+00:00,33.294418445795635,37.94514320563563
2025-04-24 07:20:40.324000+00:00,33.510595992551096,38.29361627716938
2025-04-24 07:21:43.212000+00:00,33.73181616279121,38.715603376741086
2025-04-24 07:22:46.440000+00:00,33.73181616279121,38.85073410243562
2025-04-24 07:23:49.642000+00:00,33.73181616279121,39.021096970057926
2025-04-24 07:24:52.368000+00:00,33.73181616279121,38.42510728502948
2025-04-24 07:25:55.121000+00:00,33.73181616279121,38.95275856160841
2025-04-24 07:26:57.999000+00:00,33.73181616279121,38.85073410243562
2025-04-24 07:28:01.150000+00:00,33.73181616279121,38.36611049353125
2025-04-24 07:29:04.050000+00:00,33.73181616279121,38.49776179827798
2025-04-24 07:30:06.930000+00:00,33.95807895651558,39.82341671840294
2025-04-24 07:31:09.721000+00:00,33.92589317583125,42.14020376928934
2025-04-24 07:32:13.051000+00:00,33.92589317583125,43.34689642396234
2025-04-24 07:33:15.775000+00:00,33.92589317583125,43.49648114523556
2025-04-24 07:34:18.527000+00:00,34.15699193289568,43.93475777666062
2025-04-24 07:35:21.505000+00:00,34.15699193289568,43.647379010075646
2025-04-24 07:36:24.486000+00:00,34.15699193289568,43.8292354923213
2025-04-24 07:37:27.938000+00:00,34.35798335955563,51.33101003677795
2025-04-24 07:38:31.020000+00:00,34.35798335955563,48.93213281944447
2025-04-24 07:39:34.093000+00:00,34.35798335955563,52.21447780705567
2025-04-24 07:40:36.802000+00:00,34.35798335955563,58.55289348733738
2025-04-24 07:41:40.351000+00:00,34.59919833644446,53.844377581671274
2025-04-24 07:42:43.497000+00:00,34.56105323649555,55.07637285019646
2025-04-24 07:43:46.719000+00:00,34.80727677236455,87.10276710825039
2025-04-24 07:44:49.910000+00:00,34.56105323649555,82.10011904873596
2025-04-24 07:45:52.828000+00:00,34.35798335955563,47.385097771219414
2025-04-24 07:46:55.597000+00:00,34.35798335955563,45.50520177739792
2025-04-24 07:47:58.842000+00:00,34.15699193289568,44.539318907845285
2025-04-24 07:49:01.569000+00:00,34.39323420356455,42.57245528340435
2025-04-24 07:50:04.621000+00:00,34.15699193289568,41.93912556097549
2025-04-24 07:51:07.392000+00:00,34.15699193289568,41.09984282724841
2025-04-24 07:52:10.474000+00:00,34.35798335955563,40.627568440444726
2025-04-24 07:53:13.242000+00:00,34.122012643111184,40.58162337471457
2025-04-24 07:54:16.432000+00:00,34.35798335955563,40.38290238137459
2025-04-24 07:55:19.200000+00:00,34.122012643111184,40.68445739426264
2025-04-24 07:56:21.967000+00:00,34.122012643111184,40.221257348187336
2025-04-24 07:57:24.947000+00:00,34.122012643111184,40.11054762967872
2025-04-24 07:58:28.144000+00:00,34.122012643111184,40.2954105789375
2025-04-24 07:59:31.004000+00:00,34.122012643111184,40.53311723160382
2025-04-24 08:00:34.254000+00:00,33.891286187111156,39.927418439141015
2025-04-24 08:01:37.172000+00:00,33.891286187111156,39.78216339299013
2025-04-24 08:02:39.946000+00:00,34.122012643111184,40.0370879024171
2025-04-24 08:03:43.383000+00:00,33.891286187111156,39.87670035222524
2025-04-24 08:04:46.140000+00:00,34.0846407567712,39.69626866254442
2025-04-24 08:05:49.180000+00:00,34.32017456463127,39.89100065208006
2025-04-24 08:06:51.944000+00:00,34.0846407567712,39.927418439141015
2025-04-24 08:07:54.820000+00:00,34.32017456463127,39.854652215367864
2025-04-24 08:08:57.710000+00:00,34.0846407567712,40.45786914243551
2025-04-24 08:10:00.560000+00:00,33.665803991555485,39.63801795242075
2025-04-24 08:11:03.346000+00:00,33.665803991555485,39.446535720988976
2025-04-24 08:12:06.227000+00:00,33.665803991555485,39.305335262194376
2025-04-24 08:13:09.676000+00:00,33.665803991555485,39.305335262194376
2025-04-24 08:14:12.414000+00:00,33.665803991555485,39.4111330554332
2025-04-24 08:15:15.154000+00:00,33.85445181291555,39.23514523622526
2025-04-24 08:16:18.025000+00:00,33.665803991555485,39.709951972007715
2025-04-24 08:17:21.008000+00:00,33.665803991555485,39.07253224595796
2025-04-24 08:18:24.256000+00:00,33.665803991555485,39.305335262194376
2025-04-24 08:19:26.992000+00:00,33.85445181291555,39.09558559114362
2025-04-24 08:20:29.837000+00:00,33.6296077330646,39.026215972031174
2025-04-24 08:21:32.807000+00:00,33.6296077330646,38.81974792840661
2025-04-24 08:22:35.594000+00:00,33.85445181291555,39.09558559114362
2025-04-24 08:23:38.574000+00:00,33.85445181291555,39.602154968150366
2025-04-24 08:24:41.333000+00:00,34.04506966659556,39.63801795242075
2025-04-24 08:25:44.103000+00:00,33.85445181291555,39.82961900683991
2025-04-24 08:26:46.867000+00:00,34.04506966659556,39.28250887541617
2025-04-24 08:27:49.752000+00:00,34.04506966659556,39.3530558880263
2025-04-24 08:28:53+00:00,34.04506966659556,39.68474939065062
2025-04-24 08:29:55.738000+00:00,34.04506966659556,40.01228849768021
2025-04-24 08:30:58.858000+00:00,34.04506966659556,39.939009705263565
2025-04-24 08:32:01.669000+00:00,34.23765755259554,39.902475807095506
2025-04-24 08:33:04.449000+00:00,34.23765755259554,39.82961900683991
2025-04-24 08:34:07.208000+00:00,34.23765755259554,39.75704353469166
2025-04-24 08:35:10.084000+00:00,34.04506966659556,39.793296104752294
2025-04-24 08:36:13.328000+00:00,34.04506966659556,39.566361334229015
2025-04-24 08:37:16.075000+00:00,34.04506966659556,39.97561393545861
2025-04-24 08:38:18.807000+00:00,34.23765755259554,39.97561393545861
2025-04-24 08:39:21.577000+00:00,34.04506966659556,39.854652215367864
2025-04-24 08:40:24.354000+00:00,34.04506966659556,40.01228849768021
2025-04-24 08:41:27.122000+00:00,34.2800016413512,40.35558038868444
2025-04-24 08:42:29.886000+00:00,34.23765755259554,40.24352161134196
2025-04-24 08:43:32.669000+00:00,34.23765755259554,40.24352161134196
2025-04-25 17:12:26.148000+00:00,35.270401307704574,38.109977737317806
2025-04-25 17:13:28.991000+00:00,35.52292048585787,38.109977737317806
2025-04-25 17:14:31.755000+00:00,35.270401307704574,38.07930847348772
2025-04-25 17:15:34.530000+00:00,35.270401307704574,37.765817250289494
2025-04-25 17:16:37.302000+00:00,35.270401307704574,37.82582407204288
2025-04-25 17:17:40.166000+00:00,35.278942866257964,37.57372722276838
2025-04-25 17:18:42.948000+00:00,35.278942866257964,37.57372722276838
2025-04-25 17:19:45.709000+00:00,35.52292048585787,37.603214375933
2025-04-25 17:20:48.483000+00:00,35.52292048585787,37.603214375933
2025-04-25 17:21:51.264000+00:00,35.270401307704574,37.57372722276838
2025-04-25 17:22:54.040000+00:00,35.270401307704574,37.57372722276838
2025-04-25 17:23:56.796000+00:00,35.52292048585787,37.57372722276838
2025-04-25 17:24:59.587000+00:00,35.52292048585787,37.886028557399676
2025-04-25 17:26:02.454000+00:00,35.52292048585787,37.57372722276838
2025-04-25 17:27:05.238000+00:00,35.278942866257964,37.603214375933
2025-04-25 17:28:07.993000+00:00,35.278942866257964,37.603214375933
2025-04-25 17:29:10.765000+00:00,35.278942866257964,37.63274993323186
2025-04-25 17:30:13.542000+00:00,35.99969964348455,37.40986151661095
2025-04-25 17:31:16.310000+00:00,37.32609009747559,39.073984539363806
2025-04-25 17:32:19.084000+00:00,38.10700195099546,41.814732002897784
2025-04-25 17:33:21.903000+00:00,38.668098548124476,43.24762364500129
2025-04-25 17:34:24.645000+00:00,38.814286451555674,43.8972659840013
2025-04-25 17:35:27.413000+00:00,38.95338184599126,44.19238908643567
2025-04-25 17:36:30.187000+00:00,37.94237669444464,44.78943600596861
2025-04-25 17:37:32.951000+00:00,36.72987025969787,41.96383186147562
2025-04-26 07:01:43.659000+00:00,24.866666666666678,25.311222222222227
2025-04-26 07:03:06.783000+00:00,24.756666666666675,25.080777777777783
2025-04-26 07:04:09.758000+00:00,24.756666666666675,24.965555555555554
2025-04-26 07:05:12.869000+00:00,24.756666666666675,24.852944444444443
2025-04-26 07:06:15.790000+00:00,24.78277777777778,24.889499999999995
2025-04-27 03:27:32.676000+00:00,27.91406095500455,28.16961015210953
2025-04-27 03:28:36.247000+00:00,27.57358844508444,28.024838198762406
2025-04-27 03:29:39.047000+00:00,27.410872828444454,27.704740860229094
2025-04-27 03:30:41.863000+00:00,27.253170970684526,27.48142733152683
2025-04-27 03:31:44.997000+00:00,27.026018981944503,27.285267243783778
2025-04-27 03:32:47.881000+00:00,26.81014795068443,27.131312556896376
2025-04-27 03:33:50.751000+00:00,26.787946958675565,26.98138263099973
2025-04-27 03:34:53.622000+00:00,26.718515183555557,26.90066968439246
2025-04-27 03:35:56.404000+00:00,26.718515183555557,26.766425785438628
2025-04-27 03:36:59.416000+00:00,26.718515183555557,26.76198267197163
2025-04-27 03:38:02.355000+00:00,26.650375853075534,26.744256379204373
2025-04-27 03:39:05.494000+00:00,26.517974526035555,26.681215477324432
2025-04-27 03:40:08.251000+00:00,26.517974526035555,25.89844444444445
2025-04-27 03:41:10.996000+00:00,26.517974526035555,26.003222222222234
2025-04-27 03:42:14.037000+00:00,26.539868065084484,25.901055555555562
2025-04-27 03:43:17.307000+00:00,26.650375853075534,25.880166666666675
2025-04-27 03:44:20.018000+00:00,26.4122487606045,26.008444444444454
2025-04-27 03:45:23.059000+00:00,26.4537125294756,25.660166666666665
2025-04-27 03:46:25.780000+00:00,26.517974526035555,25.686277777777775
2025-04-27 03:47:29.120000+00:00,26.517974526035555,25.796277777777778
2025-04-27 03:48:32.762000+00:00,26.4537125294756,25.8015
2025-04-27 03:49:36.453000+00:00,26.43173549261108,25.688888888888886
2025-04-27 03:50:39.246000+00:00,26.47329681311112,25.602388888888882
2025-04-27 03:51:42.649000+00:00,25.919999999999998,25.53155555555555
2025-04-27 03:52:45.571000+00:00,25.75222222222223,25.479
2025-04-27 03:53:48.588000+00:00,25.83055555555556,25.300777777777782
2025-04-27 03:54:51.819000+00:00,25.908888888888896,25.25083333333334
2025-04-27 03:55:54.816000+00:00,25.79888888888889,25.457444444444455
2025-04-27 03:56:57.785000+00:00,25.935000000000002,25.389555555555564
2025-04-27 03:58:00.886000+00:00,25.772777777777783,25.454833333333337
2025-04-27 03:59:03.746000+00:00,25.825000000000003,25.368666666666677
2025-04-27 04:00:06.605000+00:00,25.98722222222223,25.43394444444445
2025-04-27 04:01:12.070000+00:00,26.03944444444445,25.462666666666678
2025-04-27 04:02:15.131000+00:00,27.037324108444516,25.543611111111115
2025-04-27 04:03:18.124000+00:00,27.194039809775674,25.980333333333334
2025-04-27 04:04:20.984000+00:00,27.360838374951136,26.098166666666664
2025-04-27 04:05:23.745000+00:00,27.45047424243552,26.917205277056397
2025-04-27 04:06:26.737000+00:00,27.54109727905782,27.134017654117095
2025-04-27 04:07:29.500000+00:00,27.54109727905782,26.985406599532343
2025-04-27 04:08:32.363000+00:00,27.686476889057904,27.142181479937342
2025-04-27 04:09:35.365000+00:00,27.83432144929789,27.274942924415793
2025-04-27 04:10:38.322000+00:00,27.73662851329545,27.303845695360792
2025-04-27 04:11:41.677000+00:00,27.632707484817825,27.180059701991794
2025-04-27 04:13:52.198000+00:00,27.837994581624518,27.374236012777416
2025-04-27 04:14:55.373000+00:00,27.837994581624518,27.367852195091423
2025-04-27 04:15:58.610000+00:00,27.837994581624518,27.37104448648629
2025-04-27 04:17:01.785000+00:00,27.678882776124503,27.36465913859239
2025-04-27 04:18:04.876000+00:00,27.678882776124503,27.201541983534852
2025-04-27 04:19:08.161000+00:00,27.678882776124503,27.201541983534852
2025-04-27 04:20:11.075000+00:00,27.889209025715527,27.39336910334058
2025-04-27 04:21:14.317000+00:00,27.837994581624518,27.42201709466835
2025-04-27 04:22:17.033000+00:00,27.889209025715527,27.5756235115912
2025-04-27 04:23:20.011000+00:00,27.837994581624518,27.37104448648629
2025-04-27 04:24:23.108000+00:00,27.73662851329545,27.36146531698943
2025-04-27 04:25:26.242000+00:00,27.686476889057904,27.313466180471146
2025-04-27 04:26:29.477000+00:00,27.587236460435626,27.242756049600914
2025-04-27 04:27:32.440000+00:00,27.441032867135643,27.19756588739598
2025-04-27 04:28:36.818000+00:00,27.298017733395575,27.145736362783705
2025-04-27 04:29:40.638000+00:00,27.25105456871783,27.090452881223587
2025-04-27 04:30:43.891000+00:00,27.25105456871783,27.044759280615835
2025-04-27 04:31:47.242000+00:00,27.25105456871783,27.070888272029425
2025-04-27 04:32:50.535000+00:00,27.441032867135643,26.95589897340453
2025-04-27 04:33:53.288000+00:00,27.489413124951135,26.921834005224493
2025-04-27 04:34:56.450000+00:00,27.441032867135643,27.054244291835644
2025-04-27 04:35:59.522000+00:00,27.726394645475523,27.06256868878452
2025-04-27 04:37:02.652000+00:00,27.636679538104435,27.281371118131144
2025-04-27 04:38:05.482000+00:00,27.73662851329545,27.144899063920505
2025-04-27 04:39:08.353000+00:00,27.686476889057904,27.166573292559764
2025-04-27 04:40:11.290000+00:00,27.587236460435626,27.12310671399118
2025-04-27 04:41:14.562000+00:00,27.726394645475523,27.242756049600914
2025-04-27 04:42:17.749000+00:00,27.673123660071106,27.271727679901957
2025-04-27 04:43:20.936000+00:00,27.62031428567105,27.236309493390614
2025-04-27 04:44:24.121000+00:00,27.62031428567105,27.19756588739598
2025-04-27 04:45:26.926000+00:00,27.753541857111134,27.21372244587955
2025-04-27 04:46:30.012000+00:00,27.516080369884467,27.21372244587955
2025-04-27 04:47:33.446000+00:00,27.46465582849785,27.132748377472307
2025-04-27 04:48:36.381000+00:00,27.36319157873772,27.096968296789942
2025-04-27 04:49:39.731000+00:00,27.25105456871783,27.061095638528975
2025-04-27 04:50:42.465000+00:00,27.25105456871783,27.06436061479978
2025-04-27 04:51:45.764000+00:00,27.36319157873772,26.96157961217635
2025-04-27 04:52:48.743000+00:00,27.46465582849785,26.950210952051943
2025-04-27 04:56:06.598000+00:00,27.441032867135643,27.026376335071188
2025-04-27 04:57:10.242000+00:00,27.39300688260444,27.054244291835644
2025-04-27 04:58:13.085000+00:00,27.46465582849785,27.023579388346377
2025-04-27 04:59:15.891000+00:00,27.41369289811565,27.17167560841643
2025-04-27 05:00:18.771000+00:00,27.36319157873772,27.087194025784502
2025-04-27 05:01:21.809000+00:00,27.41369289811565,27.122999354897402
2025-04-27 05:02:24.594000+00:00,27.36319157873772,27.096968296789942
2025-04-27 05:03:27.362000+00:00,27.263573772995514,27.061095638528975
2025-04-27 05:04:30.143000+00:00,27.214457286631163,27.012029181992606
2025-04-27 05:05:32.906000+00:00,27.266866494611072,26.98250667684366
2025-04-27 05:06:35.788000+00:00,27.215635481555566,27.070313364624575
2025-04-27 05:07:38.557000+00:00,27.215635481555566,27.066646635697957
2025-04-27 05:08:41.372000+00:00,27.215635481555566,27.015345401191222
2025-04-27 05:09:44.121000+00:00,27.164973273944458,27.051982860035572
2025-04-27 05:10:46.879000+00:00,27.114879871777838,26.880343683544574
2025-04-27 05:11:49.645000+00:00,27.164973273944458,26.88365074053291
2025-04-27 05:12:52.432000+00:00,27.423972366444463,26.90677871654048
2025-04-27 05:13:55.318000+00:00,27.298017733395575,26.958740215613084
2025-04-27 05:14:58.294000+00:00,27.25105456871783,26.855966157498642
2025-04-27 05:16:01.154000+00:00,27.25105456871783,26.080222222222215
2025-04-27 05:17:04.053000+00:00,27.36319157873772,26.836725195275715
2025-04-27 05:18:06.800000+00:00,27.41369289811565,26.93595859988041
2025-04-27 05:19:09.687000+00:00,27.36319157873772,26.98140371005569
2025-04-27 05:20:12.707000+00:00,27.46465582849785,26.950210952051943
2025-04-27 05:21:15.530000+00:00,27.516080369884467,27.020780595976344
2025-04-27 05:22:18.411000+00:00,27.516080369884467,26.882116544353288
2025-04-27 05:23:21.172000+00:00,27.516080369884467,27.023579388346377
2025-04-27 05:24:23.960000+00:00,27.531553641555636,27.023579388346377
2025-04-27 05:25:26.724000+00:00,27.477478601277816,27.093710971558764
2025-04-27 05:26:29.487000+00:00,27.59391563633792,27.11974815049779
2025-04-27 05:27:32.270000+00:00,27.59391563633792,27.213560716231193
2025-04-27 05:28:35.036000+00:00,27.651599963715654,27.209881741131184
2025-04-27 05:29:37.812000+00:00,27.71250268391774,27.250367737475763
2025-04-27 05:30:40.577000+00:00,27.773831864595497,27.344770789771502
2025-04-27 05:31:43.524000+00:00,27.651956267724398,27.389950106274917
2025-04-27 05:32:46.287000+00:00,27.592192616015534,27.423479829430732
2025-04-27 05:33:49.026000+00:00,27.53321172879109,27.263057998760697
2025-04-27 05:34:51.992000+00:00,27.592192616015534,27.25898697185073
2025-04-27 05:35:54.813000+00:00,27.424917793831273,27.267130417350813
2025-04-27 05:36:57.557000+00:00,27.424917793831273,27.125351979057818
2025-04-27 05:38:00.397000+00:00,27.424917793831273,27.250849093070666
2025-04-27 05:39:03.314000+00:00,27.47501360605107,27.267130417350813
2025-04-27 05:40:06.425000+00:00,27.41759824779551,27.1657374566114
2025-04-27 05:41:09.204000+00:00,27.47501360605107,27.177858686458762
2025-04-27 05:42:12.061000+00:00,27.47501360605107,27.202138721514363
2025-04-27 05:43:14.802000+00:00,27.31563184851568,27.202138721514363
2025-04-27 05:44:17.752000+00:00,27.424917793831273,27.070313364624575
2025-04-27 05:45:20.824000+00:00,27.424917793831273,27.118009415075683
2025-04-27 05:46:23.600000+00:00,27.424917793831273,27.23865271250109
2025-04-27 05:47:26.362000+00:00,27.48057455139572,27.27935602320143
2025-04-27 05:48:29.160000+00:00,27.48057455139572,27.312018872725048
2025-04-27 05:49:31.916000+00:00,27.48057455139572,27.254917336620757
2025-04-27 05:50:34.680000+00:00,27.48057455139572,27.125351979057818
2025-04-27 05:51:37.471000+00:00,27.53321172879109,27.312018872725048
2025-04-27 05:52:40.267000+00:00,27.47501360605107,27.23052875052144
2025-04-27 05:53:43.282000+00:00,27.521534679395565,27.32969904004029
2025-04-27 05:54:46.167000+00:00,27.46186225372443,27.369126742820658
2025-04-27 05:55:48.903000+00:00,27.403079357137837,27.340587485263843
2025-04-27 05:56:51.810000+00:00,27.46186225372443,27.32636568337878
2025-04-27 05:57:54.606000+00:00,27.403079357137837,27.245787565082335
2025-04-27 05:58:57.400000+00:00,27.403079357137837,27.316902195786305
2025-04-27 06:00:00.466000+00:00,27.345185989635578,27.293305474629946
2025-04-27 06:01:03.233000+00:00,27.195764459617777,27.269797321794854
2025-04-27 06:02:06.002000+00:00,27.195764459617777,27.13240507105648
2025-04-27 06:03:11.716000+00:00,27.195764459617777,27.13240507105648
2025-04-27 06:04:14.700000+00:00,27.10517023713788,27.119429830235585
2025-04-27 06:05:17.602000+00:00,27.14226292378446,27.110792009302603
2025-04-27 06:06:20.486000+00:00,27.08954415243555,27.10216406006093
2025-04-27 06:07:23.262000+00:00,27.054244475804566,26.953660982495744
2025-04-27 06:08:26.014000+00:00,27.00399457107565,26.969530369482655
2025-04-27 06:09:28.780000+00:00,27.10517023713788,26.969530369482655
2025-04-27 06:10:31.590000+00:00,27.2090493296179,27.145402523182693
2025-04-27 06:11:34.511000+00:00,27.360965654024444,27.22385367335881
2025-04-27 06:12:37.315000+00:00,27.41759824779551,27.36436134306243
2025-04-27 06:13:40.094000+00:00,27.41759824779551,27.421779960529037
2025-04-27 06:14:43.170000+00:00,27.53321172879109,27.445854950619278
2025-04-27 06:15:46.067000+00:00,27.47501360605107,27.499131689308424
2025-04-27 06:16:48.810000+00:00,27.582096634151124,27.436214326384643
2025-04-27 06:17:51.598000+00:00,27.643548117991134,27.60980780411161
2025-04-27 06:18:54.582000+00:00,27.705889130915658,27.662524856310885
2025-04-27 06:19:57.422000+00:00,27.53321172879109,27.673123660071106
2025-04-27 06:21:00.386000+00:00,27.47501360605107,27.636108628835693
2025-04-27 06:22:03.135000+00:00,27.53321172879109,27.460342457467576
2025-04-27 06:23:05.876000+00:00,27.53321172879109,27.518611330817006
2025-04-27 06:24:08.763000+00:00,27.47501360605107,27.484559156871754
2025-04-27 06:25:11.621000+00:00,27.53321172879109,27.45550974578534
2025-04-27 06:26:14.479000+00:00,27.53321172879109,27.474861848911633
2025-04-27 06:27:17.279000+00:00,27.53321172879109,27.630839231670844
2025-04-27 06:28:20.133000+00:00,27.643548117991134,27.588850234313238
2025-04-27 06:29:22.950000+00:00,27.643548117991134,27.65194451699055
2025-04-27 06:30:26.007000+00:00,27.69118597717106,27.636108628835693
2025-04-27 06:31:28.769000+00:00,27.821664096095542,27.573180526119913
2025-04-27 06:32:31.527000+00:00,27.75592696143105,27.678429986116264
2025-04-27 06:33:34.350000+00:00,27.870348259111196,27.77055785278944
2025-04-27 06:34:37.347000+00:00,27.870348259111196,27.74788123466059
2025-04-27 06:35:40.363000+00:00,27.735317639555635,27.736577053922716
2025-04-27 06:36:43.252000+00:00,27.564692459864432,27.526420671482285
2025-04-27 06:37:46.396000+00:00,27.403079357137837,27.340587485263843
2025-04-27 06:38:49.219000+00:00,27.25004875993561,27.31217576608927
2025-04-27 06:39:52.056000+00:00,27.25004875993561,27.16711430185026
2025-04-27 06:40:54.831000+00:00,27.156771855075668,27.049211307628475
2025-04-27 06:41:57.606000+00:00,27.25004875993561,27.081239551051763
2025-04-27 06:43:00.515000+00:00,27.10517023713788,27.049211307628475
2025-04-27 06:44:03.237000+00:00,27.156771855075668,26.934853521297853
2025-04-27 06:45:06.020000+00:00,27.10517023713788,26.960448088757815
2025-04-27 06:46:09.304000+00:00,26.920194317555605,26.91658110753118
2025-04-27 06:47:12.074000+00:00,27.054244475804566,26.865460111575608
2025-04-27 06:48:14.888000+00:00,27.054244475804566,26.894664573157804
2025-04-27 06:49:17.842000+00:00,26.920194317555605,27.017272131728035
2025-04-27 06:50:20.696000+00:00,26.87294494261117,26.869109570257923
2025-04-27 06:51:23.469000+00:00,26.920194317555605,26.044333333333334
2025-04-27 06:52:26.249000+00:00,26.968012497944464,26.05738888888889
2025-04-27 06:53:29.033000+00:00,26.968012497944464,26.091333333333335
2025-04-27 06:54:31.787000+00:00,26.968012497944464,26.898316543875566
2025-04-27 06:55:34.574000+00:00,26.883566990204425,26.099166666666665
2025-04-27 06:56:37.338000+00:00,26.83814339187557,26.08088888888889
2025-04-27 06:57:40.124000+00:00,26.793181404551124,26.067833333333333
2025-04-27 06:58:43.124000+00:00,26.75784179403561,26.044333333333334
2025-04-27 06:59:45.857000+00:00,26.715129908771143,26.060000000000002
2025-04-27 07:00:48.639000+00:00,26.793181404551124,26.041722222222223
2025-04-27 07:01:51.309000+00:00,26.75784179403561,25.93433333333333
2025-04-27 07:02:00.102000+00:00,26.75784179403561,26.06522222222222
2025-04-27 07:02:08.890000+00:00,26.75784179403561,26.06522222222222
2025-04-27 07:02:17.679000+00:00,26.75784179403561,26.06522222222222
2025-04-27 07:02:26.419000+00:00,26.75784179403561,26.070444444444448
2025-04-27 07:02:35.209000+00:00,26.80090795258444,26.880059830331174
2025-04-27 07:02:44.037000+00:00,26.80090795258444,26.106999999999996
2025-04-27 07:02:52.840000+00:00,26.80090795258444,26.091333333333335
2025-04-27 07:03:01.630000+00:00,26.883566990204425,26.905621427324462
2025-04-27 07:03:10.433000+00:00,26.883566990204425,26.905621427324462
2025-04-27 07:03:19.162000+00:00,26.883566990204425,26.901968828597834
2025-04-27 07:03:27.943000+00:00,26.883566990204425,26.9275436137778
2025-04-27 07:03:36.752000+00:00,26.929452199537785,26.931198410535586
2025-04-27 07:03:45.698000+00:00,26.929452199537785,27.02923888509039
2025-04-27 07:03:54.836000+00:00,26.929452199537785,26.92388913102459
2025-04-27 07:04:03.795000+00:00,26.975799019875613,26.934853521297853
2025-04-27 07:04:12.565000+00:00,26.975799019875613,26.96776364835789
2025-04-27 07:04:21.401000+00:00,26.975799019875613,27.093273105056205
2025-04-27 07:04:30.211000+00:00,26.975799019875613,27.093273105056205
2025-04-27 07:04:39.026000+00:00,27.114879871777838,27.10531918418108
2025-04-27 07:04:47.829000+00:00,27.114879871777838,27.121400106534914
2025-04-27 07:04:56.621000+00:00,27.164973273944458,27.141532572278113
2025-04-27 07:05:05.422000+00:00,27.164973273944458,27.133475410940566
2025-04-27 07:05:14.291000+00:00,27.164973273944458,27.1536287518846
2025-04-27 07:05:23.156000+00:00,27.164973273944458,27.177858686458762
2025-04-27 07:05:31.970000+00:00,27.215635481555566,27.1657374566114
2025-04-27 07:05:40.751000+00:00,27.215635481555566,27.16977647488046
2025-04-27 07:05:49.587000+00:00,27.215635481555566,27.181901879767807
2025-04-27 07:05:58.369000+00:00,27.215635481555566,27.181901879767807
2025-04-27 07:06:07.193000+00:00,27.215635481555566,27.311959428679685
2025-04-27 07:06:16.090000+00:00,27.215635481555566,27.325260435315936
2025-04-27 07:06:24.991000+00:00,27.215635481555566,27.316390629635553
2025-04-27 07:06:33.800000+00:00,27.215635481555566,27.30753069564655
2025-04-27 07:06:42.609000+00:00,27.215635481555566,27.311959428679685
2025-04-27 07:06:51.371000+00:00,27.215635481555566,27.316390629635553
2025-04-27 07:07:00.136000+00:00,27.266866494611072,27.320824298514335
2025-04-27 07:07:08.924000+00:00,27.266866494611072,27.325260435315936
2025-04-27 07:07:17.738000+00:00,27.36993689287118,27.32969904004029
2025-04-27 07:07:26.531000+00:00,27.36993689287118,27.334140112687642
2025-04-27 07:07:35.422000+00:00,27.36993689287118,27.356382494766727
2025-04-27 07:07:44.360000+00:00,27.424917793831273,27.356382494766727
2025-04-27 07:07:53.159000+00:00,27.424917793831273,27.518611330817006
2025-04-27 07:08:02.078000+00:00,27.424917793831273,27.528372407968384
2025-04-27 07:08:10.834000+00:00,27.48057455139572,27.54793707506533
2025-04-27 07:08:19.597000+00:00,27.48057455139572,27.54304059419181
2025-04-27 07:08:28.378000+00:00,27.592192616015534,27.55774066501077
2025-04-27 07:08:37.192000+00:00,27.592192616015534,27.572472620425497
2025-04-27 07:08:45.999000+00:00,27.651956267724398,27.57739035769593
2025-04-27 07:08:54.829000+00:00,27.651956267724398,27.737104235876966
2025-04-27 07:09:03.613000+00:00,27.651956267724398,27.753203242304448
2025-04-27 07:09:12.420000+00:00,27.651956267724398,27.737104235876966
2025-04-27 07:09:21.438000+00:00,27.651956267724398,27.721046774439944
2025-04-27 07:09:30.443000+00:00,27.651956267724398,27.70503085799324
2025-04-27 07:09:39.197000+00:00,27.651956267724398,27.721046774439944
2025-04-27 07:09:47.961000+00:00,27.651956267724398,27.726394645475523
2025-04-27 07:09:56.897000+00:00,27.769119672924443,27.737104235876966
2025-04-27 07:10:05.723000+00:00,27.833239744017863,27.74246595524275
2025-04-27 07:10:14.788000+00:00,27.833239744017863,27.758578810000415
2025-04-27 07:10:23.628000+00:00,27.833239744017863,27.74783229071859
2025-04-27 07:10:34.815000+00:00,27.833239744017863,27.74783229071859
2025-04-27 07:10:43.598000+00:00,27.833239744017863,27.74783229071859
2025-04-27 07:10:52.373000+00:00,27.833239744017863,27.7747332097484
2025-04-27 07:11:01.229000+00:00,27.833239744017863,27.780127241884525
2025-04-27 07:11:09.988000+00:00,27.833239744017863,27.76395899380636
2025-04-27 07:11:18.809000+00:00,27.833239744017863,27.908528747856217
2025-04-27 07:11:27.582000+00:00,27.898249344195484,27.823445678934842
2025-04-27 07:11:36.500000+00:00,28.02485240251553,28.002329521989473
2025-04-27 07:11:45.305000+00:00,28.02485240251553,27.996424313197835
2025-04-27 07:11:54.040000+00:00,28.02485240251553,28.002329521989473
2025-04-27 07:12:02.833000+00:00,28.02485240251553,27.966983590056095
2025-04-27 07:12:11.622000+00:00,28.02485240251553,27.937685068275613
2025-04-27 07:12:20.522000+00:00,28.02485240251553,27.92600547594449
2025-04-27 07:12:29.258000+00:00,28.02485240251553,27.920174211860527
2025-04-27 07:12:38.160000+00:00,28.02485240251553,28.07431424028455
2025-04-27 07:12:46.961000+00:00,28.02485240251553,27.937685068275613
2025-04-27 07:12:55.774000+00:00,28.02485240251553,28.099469609577447
2025-04-27 07:23:50.350000+00:00,28.93825197769789,29.204924794431307
2025-04-27 07:23:59.239000+00:00,29.105816139857836,29.017157048116953
2025-04-27 07:24:08.014000+00:00,29.105816139857836,29.18745227007557
2025-04-27 07:24:16.939000+00:00,29.105816139857836,29.18745227007557
2025-04-27 07:25:36.162000+00:00,29.105816139857836,29.18745227007557
2025-04-27 07:26:36.452000+00:00,29.015207962204524,29.161326180675573
2025-04-27 07:27:36.511000+00:00,29.08663682763573,28.91104359441694
2025-04-27 07:28:22.131000+00:00,28.837937070951146,29.03218428207554
2025-04-27 07:28:32.377000+00:00,28.994164419651156,28.870678995291296
2025-04-27 07:28:43.471000+00:00,28.994164419651156,29.04925986019117
2025-04-27 07:28:53.791000+00:00,28.994164419651156,29.023663032444542
2025-04-27 07:29:04.810000+00:00,28.994164419651156,29.015152809097906
2025-04-27 07:29:15.099000+00:00,28.994164419651156,28.998165441257875
2025-04-27 07:29:25.989000+00:00,28.994164419651156,29.00665361203557
2025-04-27 07:29:36.280000+00:00,28.994164419651156,29.023663032444542
2025-04-27 07:29:48.338000+00:00,28.994164419651156,29.023663032444542
2025-04-27 07:29:58.603000+00:00,28.994164419651156,29.18530435418283
2025-04-27 07:30:09.396000+00:00,28.994164419651156,29.00665361203557
2025-04-27 07:30:19.704000+00:00,28.994164419651156,29.194302953007707
2025-04-27 07:30:30.692000+00:00,28.994164419651156,29.212336419553505
2025-04-27 07:30:41.171000+00:00,28.994164419651156,29.16734342542931
2025-04-27 07:30:52.705000+00:00,28.90311321455128,28.998165441257875
2025-04-27 07:31:03.029000+00:00,28.90311321455128,28.981222178555665
2025-04-27 07:31:13.899000+00:00,28.90311321455128,28.981222178555665
2025-04-27 07:31:24.208000+00:00,28.90311321455128,28.94746796856443
2025-04-27 07:31:35.104000+00:00,28.90311321455128,28.939056981777753
2025-04-27 07:31:45.437000+00:00,28.90311321455128,28.94746796856443
2025-04-27 07:31:56.506000+00:00,28.90311321455128,28.939056981777753
2025-04-27 07:32:06.744000+00:00,28.90311321455128,28.922268087057823
2025-04-27 07:32:17.617000+00:00,28.90311321455128,28.922268087057823
2025-04-27 07:32:28.182000+00:00,28.90311321455128,28.94746796856443
2025-04-27 07:32:39.038000+00:00,28.90311321455128,28.930657021275618
2025-04-27 07:32:52.458000+00:00,28.90311321455128,28.922268087057823
2025-04-27 07:33:03.302000+00:00,28.90311321455128,28.939056981777753
2025-04-27 07:33:13.727000+00:00,28.90311321455128,28.955889981635647
2025-04-27 07:33:24.603000+00:00,28.90311321455128,28.955889981635647
2025-04-27 07:33:34.955000+00:00,28.81348321233568,28.922268087057823
2025-04-27 07:33:45.777000+00:00,28.81348321233568,28.863854283497794
2025-04-27 07:33:56.080000+00:00,28.81348321233568,28.855553559555556
2025-04-27 07:34:06.980000+00:00,28.81348321233568,28.863854283497794
2025-04-27 07:34:17.289000+00:00,28.81348321233568,28.88882261303107
2025-04-27 07:34:28.391000+00:00,28.81348321233568,28.87216603372441
2025-04-27 07:34:38.964000+00:00,28.81348321233568,28.87216603372441
2025-04-27 07:34:50.340000+00:00,28.81348321233568,29.034177887863716
2025-04-27 07:35:00.672000+00:00,28.90311321455128,28.939056981777753
2025-04-27 07:35:11.608000+00:00,28.90311321455128,29.00665361203557
2025-04-27 07:35:21.922000+00:00,28.90311321455128,28.97276708663114
2025-04-27 07:35:32.678000+00:00,28.90311321455128,28.774820030802307
2025-04-27 07:35:43.025000+00:00,28.751274357351114,28.939056981777753
2025-04-27 07:35:53.999000+00:00,28.751274357351114,28.782753489570737
2025-04-27 07:36:04.296000+00:00,28.837937070951146,28.830563433766752
2025-04-27 07:36:15.841000+00:00,28.837937070951146,28.91104359441694
2025-04-27 07:36:26.154000+00:00,28.92591493923561,28.951657231143663
2025-04-27 07:36:37.228000+00:00,29.08663682763573,28.976144951228278
2025-04-27 07:36:47.589000+00:00,29.08663682763573,29.161326180675573
2025-04-27 07:36:58.512000+00:00,29.08663682763573,28.935381891940956
2025-04-27 07:37:08.842000+00:00,29.08663682763573,29.092141765457807
2025-04-27 07:37:19.715000+00:00,29.08663682763573,29.083543331835592
2025-04-27 07:37:29.991000+00:00,29.180530438504523,28.927259164595537
2025-04-27 07:37:40.880000+00:00,29.08663682763573,29.152639536777706
2025-04-27 07:37:51.200000+00:00,29.180530438504523,29.126645762791174
2025-04-27 07:38:02.172000+00:00,29.180530438504523,29.178732547324564
2025-04-27 07:38:12.524000+00:00,29.180530438504523,29.161326180675573
2025-04-27 07:38:23.379000+00:00,29.015207962204524,28.976144951228278
2025-04-27 07:38:33.688000+00:00,29.015207962204524,28.976144951228278
2025-04-27 07:38:44.680000+00:00,29.015207962204524,28.992519905471667
2025-04-27 07:38:55.019000+00:00,29.015207962204524,28.992519905471667
2025-04-27 07:39:08.998000+00:00,29.105816139857836,28.992519905471667
2025-04-27 07:39:19.538000+00:00,29.105816139857836,29.033631617400594
2025-04-27 07:39:30.370000+00:00,29.27584525225799,29.231216278097754
2025-04-27 07:39:40.649000+00:00,29.27584525225799,29.248799065297703
2025-04-27 07:40:11.320000+00:00,29.3725812688956,29.284096955111195
2025-04-27 07:40:22.380000+00:00,29.3725812688956,29.266425957635686
2025-04-27 07:40:34.802000+00:00,29.3725812688956,29.31068614845786
2025-04-27 07:40:45.285000+00:00,29.3725812688956,29.292948993275534
2025-04-27 07:41:25.673000+00:00,29.3725812688956,29.292948993275534
2025-04-27 07:41:35.973000+00:00,29.3725812688956,29.284096955111195
2025-04-27 07:41:46.921000+00:00,29.3725812688956,29.266425957635686
2025-04-27 07:41:57.237000+00:00,29.3725812688956,29.24000215855555
2025-04-27 07:42:08.490000+00:00,29.3725812688956,29.275255943231254
2025-04-27 07:42:19.218000+00:00,29.3725812688956,29.248799065297703
2025-04-27 07:42:30.141000+00:00,29.3725812688956,29.257606998324402
2025-04-27 07:42:40.681000+00:00,29.3725812688956,29.266425957635686
2025-04-27 07:42:51.739000+00:00,29.3725812688956,29.328467408777783
2025-04-27 07:43:01.981000+00:00,29.3725812688956,29.337374578364447
2025-04-27 07:43:12.809000+00:00,29.3725812688956,29.30181205772452
2025-04-27 07:43:23.078000+00:00,29.3725812688956,29.337374578364447
2025-04-27 07:43:33.961000+00:00,29.3725812688956,29.328467408777783
2025-04-27 07:43:44.277000+00:00,29.3725812688956,29.43250998330056
2025-04-27 07:43:55.562000+00:00,29.3725812688956,29.460521308866955
2025-04-27 07:44:06.012000+00:00,29.3725812688956,29.257606998324402
2025-04-27 07:44:17.005000+00:00,29.3725812688956,29.46988259665308
2025-04-27 07:44:27.696000+00:00,29.549922292515575,29.257606998324402
