timestamp,DHT11_Temp,DHT11_Hum,DHT22_Temp,DHT22_Hum
2025-03-26 11:16:14.195000+00:00,30.0,57.0,31.4,60.9
2025-03-26 11:16:23.723000+00:00,29.95,58.0,31.35,62.0
2025-03-26 11:16:31.601000+00:00,29.900000000000002,58.333333333333336,31.3,62.333333333333336
2025-03-26 11:16:47.370000+00:00,29.85,58.5,31.25,62.5
2025-03-26 11:17:03.141000+00:00,29.82,58.8,31.22,62.67999999999999
2025-03-26 11:17:11.029000+00:00,29.78333333333333,59.0,31.2,62.800000000000004
2025-03-26 11:17:18.811000+00:00,29.75714285714286,59.142857142857146,31.17142857142857,62.9
2025-03-26 11:17:26.593000+00:00,29.7375,59.25,31.15,62.975
2025-03-26 11:17:34.450000+00:00,29.72222222222222,59.333333333333336,31.133333333333333,63.05555555555556
2025-03-26 11:17:42.360000+00:00,29.7,59.4,31.110000000000003,63.120000000000005
2025-03-26 11:17:50.250000+00:00,29.681818181818183,59.45454545454545,31.09090909090909,63.17272727272727
2025-03-26 11:17:58.130000+00:00,29.666666666666668,59.5,31.075,63.225
2025-03-26 11:18:06.021000+00:00,29.653846153846153,59.53846153846154,31.06153846153846,63.26923076923077
2025-03-26 11:18:13.771000+00:00,29.642857142857142,59.57142857142857,31.042857142857144,63.300000000000004
2025-03-26 11:18:21.681000+00:00,29.633333333333333,59.666666666666664,31.026666666666664,63.32666666666667
2025-03-26 11:18:29.541000+00:00,29.61875,59.75,31.0125,63.35625
2025-03-26 11:18:37.452000+00:00,29.605882352941176,59.8235294117647,31.0,63.38823529411764
2025-03-26 11:18:45.312000+00:00,29.59444444444445,59.888888888888886,30.983333333333334,63.416666666666664
2025-03-26 11:18:53.223000+00:00,29.58421052631579,59.94736842105263,30.968421052631577,63.44736842105263
2025-03-26 11:19:01.100000+00:00,29.57,60.0,30.955000000000002,63.48
2025-03-26 11:19:08.980000+00:00,29.56190476190476,60.04761904761905,30.94285714285714,63.50952380952381
2025-03-26 11:19:16.776000+00:00,29.55454545454546,60.09090909090909,30.931818181818183,63.54545454545455
2025-03-26 11:19:24.549000+00:00,29.547826086956523,60.130434782608695,30.917391304347827,63.582608695652176
2025-03-26 11:19:32.429000+00:00,29.537499999999998,60.166666666666664,30.90833333333333,63.61666666666667
2025-03-26 11:19:40.321000+00:00,29.528000000000002,60.2,30.896,63.648
2025-03-26 11:19:48.200000+00:00,29.51923076923077,60.23076923076923,30.884615384615383,63.676923076923075
2025-03-26 11:19:56.090000+00:00,29.51111111111111,60.25925925925926,30.874074074074073,63.7074074074074
2025-03-26 11:20:20.017000+00:00,29.50357142857143,60.285714285714285,30.864285714285717,63.73571428571428
2025-03-26 11:20:27.740000+00:00,29.49310344827586,60.310344827586206,30.851724137931036,63.76896551724138
2025-03-26 11:20:35.630000+00:00,29.486666666666668,60.333333333333336,30.84,63.8
2025-03-26 11:20:43.510000+00:00,29.480645161290322,60.38709677419355,30.825806451612905,63.829032258064515
2025-03-26 11:20:51.391000+00:00,29.475,60.40625,30.8125,63.85625
2025-03-26 11:20:59.251000+00:00,29.46969696969697,60.45454545454545,30.8,63.884848484848476
2025-03-26 11:21:07.160000+00:00,29.46470588235294,60.5,30.788235294117644,63.91470588235294
2025-03-26 11:21:15.053000+00:00,29.459999999999997,60.542857142857144,30.77714285714286,63.94285714285714
2025-03-26 11:21:22.936000+00:00,29.452777777777776,60.583333333333336,30.766666666666666,63.97222222222222
2025-03-26 11:21:30.792000+00:00,29.445945945945947,60.62162162162162,30.756756756756758,64.0
2025-03-26 11:21:38.717000+00:00,29.439473684210526,60.6578947368421,30.747368421052634,64.02894736842104
2025-03-26 11:21:46.488000+00:00,29.433333333333337,60.69230769230769,30.73589743589744,64.05897435897437
2025-03-26 11:21:54.377000+00:00,29.4275,60.725,30.725,64.0875
2025-03-26 11:22:02.233000+00:00,29.421951219512195,60.75609756097561,30.714634146341464,64.11463414634146
2025-03-26 11:22:10.143000+00:00,29.416666666666668,60.785714285714285,30.704761904761902,64.14285714285714
2025-03-26 11:22:18.022000+00:00,29.411627906976744,60.81395348837209,30.695348837209306,64.17209302325581
2025-03-26 11:22:25.914000+00:00,29.406818181818185,60.84090909090909,30.68409090909091,64.2
2025-03-26 11:22:33.791000+00:00,29.40222222222222,60.86666666666667,30.673333333333332,64.22666666666666
2025-03-26 11:22:41.582000+00:00,29.39782608695652,60.891304347826086,30.66304347826087,64.25217391304348
2025-03-26 11:22:49.462000+00:00,29.393617021276597,60.91489361702128,30.653191489361703,64.27872340425532
2025-03-26 11:22:57.352000+00:00,29.389583333333334,60.9375,30.64375,64.30624999999999
2025-03-26 11:23:20.965000+00:00,29.385714285714286,60.95918367346939,30.63469387755102,64.33265306122449
2025-03-26 11:23:28.663000+00:00,29.381999999999998,60.98,30.625999999999998,64.36
2025-03-26 11:23:36.573000+00:00,29.37843137254902,61.0,30.615686274509805,64.38627450980391
2025-03-26 11:23:44.458000+00:00,29.373076923076926,61.01923076923077,30.60576923076923,64.41153846153847
2025-03-26 11:23:52.239000+00:00,29.367924528301888,61.0377358490566,30.59622641509434,64.43584905660377
2025-03-26 11:24:00.118000+00:00,29.36296296296296,61.05555555555556,30.58703703703704,64.46111111111111
2025-03-26 11:24:08.008000+00:00,29.35818181818182,61.07272727272727,30.578181818181818,64.48727272727272
2025-03-26 11:24:15.888000+00:00,29.353571428571428,61.089285714285715,30.567857142857143,64.51071428571429
2025-03-26 11:24:23.776000+00:00,29.349122807017544,61.10526315789474,30.55964912280702,64.53508771929825
2025-03-26 11:24:32.031000+00:00,29.346551724137928,61.12068965517241,30.55,64.55689655172414
2025-03-26 11:24:40.223000+00:00,29.34237288135593,61.13559322033898,30.540677966101697,64.57966101694916
2025-03-26 11:24:48.050000+00:00,29.33833333333333,61.15,30.533333333333335,64.60333333333334
2025-03-26 11:24:55.797000+00:00,29.3344262295082,61.16393442622951,30.524590163934427,64.62459016393443
2025-03-26 11:25:03.716000+00:00,29.330645161290324,61.17741935483871,30.516129032258064,64.64516129032258
2025-03-26 11:25:11.592000+00:00,29.326984126984126,61.19047619047619,30.50793650793651,64.66666666666667
2025-03-26 11:25:19.452000+00:00,29.3234375,61.203125,30.5,64.6875
2025-03-26 11:25:27.336000+00:00,29.32,61.215384615384615,30.49230769230769,64.70923076923077
2025-03-26 11:25:52.142000+00:00,29.316666666666666,61.22727272727273,30.484848484848484,64.72878787878788
2025-03-26 11:26:00.032000+00:00,29.313432835820894,61.23880597014925,30.47761194029851,64.74776119402986
2025-03-26 11:26:07.927000+00:00,29.310294117647057,61.25,30.470588235294116,64.76764705882353
2025-03-26 11:26:15.798000+00:00,29.307246376811595,61.26086956521739,30.463768115942027,64.78550724637681
2025-03-26 11:26:23.588000+00:00,29.304285714285715,61.27142857142857,30.457142857142856,64.80428571428571
2025-03-26 11:26:31.358000+00:00,29.301408450704226,61.28169014084507,30.450704225352112,64.8225352112676
2025-03-26 11:26:39.242000+00:00,29.29861111111111,61.291666666666664,30.444444444444443,64.84027777777777
2025-03-26 11:26:47.021000+00:00,29.294520547945204,61.3013698630137,30.438356164383563,64.85753424657534
2025-03-26 11:26:54.813000+00:00,29.29054054054054,61.310810810810814,30.431081081081082,64.87432432432432
2025-03-26 11:27:02.692000+00:00,29.286666666666665,61.32,30.424000000000003,64.89066666666668
2025-03-26 11:27:10.580000+00:00,29.282894736842106,61.328947368421055,30.417105263157893,64.90789473684211
2025-03-26 11:27:18.431000+00:00,29.27922077922078,61.33766233766234,30.410389610389608,64.92337662337663
2025-03-26 11:27:26.349000+00:00,29.275641025641026,61.34615384615385,30.403846153846153,64.93974358974359
2025-03-26 11:27:34.303000+00:00,29.273417721518985,61.35443037974684,30.39746835443038,64.95569620253164
2025-03-26 11:27:42.221000+00:00,29.27125,61.3625,30.391250000000003,64.9725
2025-03-26 11:27:50.100000+00:00,29.267901234567898,61.370370370370374,30.385185185185183,64.9888888888889
2025-03-26 11:27:57.991000+00:00,29.26585365853659,61.3780487804878,30.379268292682926,65.00487804878048
2025-03-26 11:28:05.870000+00:00,29.26265060240964,61.3855421686747,30.373493975903614,65.02048192771085
2025-03-26 11:28:26.062000+00:00,29.259523809523813,61.392857142857146,30.367857142857144,65.00952380952381
2025-03-26 11:28:33.950000+00:00,29.256470588235295,61.4,30.36235294117647,65.02588235294118
2025-03-26 11:28:41.842000+00:00,29.253488372093024,61.406976744186046,30.356976744186046,65.04186046511629
2025-03-26 11:28:49.824000+00:00,29.25057471264368,61.41379310344828,30.351724137931033,65.05747126436782
2025-03-26 11:28:57.597000+00:00,29.247727272727275,61.42045454545455,30.34659090909091,65.07272727272726
2025-03-26 11:29:05.489000+00:00,29.24494382022472,61.42696629213483,30.341573033707867,65.0876404494382
2025-03-26 11:29:26.433000+00:00,29.242222222222225,61.43333333333333,30.33666666666667,65.10222222222222
2025-03-26 11:29:34.625000+00:00,29.239560439560442,61.43956043956044,30.33186813186813,65.11648351648353
2025-03-26 11:29:42.556000+00:00,29.23695652173913,61.44565217391305,30.32608695652174,65.1304347826087
2025-03-26 16:03:00.002000+00:00,29.210752688172043,61.53763440860215,30.298924731182797,65.18064516129033
2025-03-26 16:03:07.913000+00:00,29.185106382978724,61.62765957446808,30.27127659574468,65.25212765957447
2025-03-26 16:03:15.790000+00:00,29.16105263157895,61.71578947368421,30.244210526315786,65.32105263157895
2025-03-26 16:03:23.682000+00:00,29.1375,61.802083333333336,30.217708333333334,65.38854166666667
2025-03-26 16:03:31.725000+00:00,29.11443298969072,61.88659793814433,30.191752577319587,65.45360824742268
2025-03-26 16:03:39.552000+00:00,29.091836734693878,61.96938775510204,30.166326530612245,65.5173469387755
2025-03-26 16:03:47.431000+00:00,29.06969696969697,62.05050505050505,30.141414141414142,65.58080808080808
2025-03-26 16:03:55.321000+00:00,29.048000000000002,62.13,30.116999999999997,65.643
2025-03-26 16:04:03.102000+00:00,29.026732673267325,62.20792079207921,30.093069306930694,65.7049504950495
2025-03-26 16:04:10.883000+00:00,29.006862745098037,62.28431372549019,30.069607843137256,65.76470588235294
2025-03-26 16:04:18.671000+00:00,28.987378640776697,62.359223300970875,30.046601941747575,65.82330097087379
2025-03-26 16:04:26.451000+00:00,28.96826923076923,62.43269230769231,30.02403846153846,65.88076923076923
2025-03-26 16:04:34.435000+00:00,28.949523809523807,62.50476190476191,30.00190476190476,65.93714285714286
2025-03-26 16:04:42.286000+00:00,28.931132075471698,62.575471698113205,29.980188679245284,65.99245283018868
2025-03-26 16:04:50.205000+00:00,28.91308411214953,62.64485981308411,29.958878504672896,66.04672897196262
2025-03-26 16:04:58.263000+00:00,28.89537037037037,62.71296296296296,29.937962962962963,66.10000000000001
2025-03-26 16:05:06.285000+00:00,28.877981651376146,62.77981651376147,29.91743119266055,66.15229357798165
2025-03-26 16:05:14.166000+00:00,28.86090909090909,62.845454545454544,29.897272727272725,66.20363636363636
2025-03-26 16:05:22.055000+00:00,28.844144144144142,62.909909909909906,29.877477477477477,66.25315315315315
2025-03-26 16:05:29.936000+00:00,28.82767857142857,62.973214285714285,29.858035714285712,66.30178571428571
2025-03-26 16:05:37.901000+00:00,28.81150442477876,63.0353982300885,29.838938053097348,66.34955752212389
2025-03-26 16:05:45.811000+00:00,28.796491228070177,63.09649122807018,29.82017543859649,66.39736842105263
2025-03-26 16:06:08.881000+00:00,28.781739130434783,63.15652173913043,29.801739130434783,66.44434782608695
2025-03-26 16:06:16.732000+00:00,28.767241379310345,63.21551724137931,29.783620689655173,66.48965517241379
2025-03-26 16:06:24.588000+00:00,28.752991452991452,63.27350427350427,29.765811965811967,66.53333333333333
2025-03-26 16:06:32.362000+00:00,28.738983050847455,63.33050847457627,29.748305084745763,66.57627118644068
2025-03-26 16:06:40.177000+00:00,28.725210084033616,63.38655462184874,29.73109243697479,66.61848739495798
2025-03-26 16:06:47.966000+00:00,28.711666666666666,63.44166666666667,29.714166666666664,66.66
2025-03-26 16:06:55.847000+00:00,28.698347107438018,63.48760330578512,29.697520661157025,66.70165289256198
2025-03-26 16:07:03.596000+00:00,28.68606557377049,63.532786885245905,29.681147540983606,66.74344262295082
2025-03-26 16:07:11.516000+00:00,28.6739837398374,63.577235772357724,29.665040650406507,66.78455284552845
2025-03-26 16:07:19.504000+00:00,28.662096774193547,63.62096774193548,29.649193548387096,66.82499999999999
2025-03-26 16:07:27.291000+00:00,28.6504,63.664,29.633599999999998,66.864
2025-03-26 16:07:35.072000+00:00,28.63888888888889,63.70634920634921,29.61825396825397,66.90238095238095
2025-03-26 16:07:42.852000+00:00,28.62755905511811,63.74803149606299,29.603149606299212,66.94015748031495
2025-03-26 16:07:50.637000+00:00,28.61640625,63.7890625,29.588281249999998,66.9765625
2025-03-26 16:07:58.413000+00:00,28.605426356589145,63.82945736434109,29.573643410852714,67.0124031007752
2025-03-26 16:08:06.288000+00:00,28.594615384615388,63.86923076923077,29.55923076923077,67.04769230769232
2025-03-26 16:08:14.101000+00:00,28.583969465648856,63.908396946564885,29.54503816793893,67.08320610687022
2025-03-26 16:08:21.960000+00:00,28.573484848484846,63.946969696969695,29.531060606060606,67.1189393939394
2025-03-26 16:08:29.755000+00:00,28.56390977443609,63.984962406015036,29.517293233082704,67.15413533834587
2025-03-26 16:08:37.645000+00:00,28.55373134328358,64.0223880597015,29.503731343283583,67.18805970149255
2025-03-26 16:08:45.630000+00:00,28.544444444444444,64.05925925925926,29.490370370370368,67.22148148148148
2025-03-26 16:08:53.523000+00:00,28.53529411764706,64.09558823529412,29.47720588235294,67.25514705882354
2025-03-26 16:09:01.297000+00:00,28.526277372262772,64.13138686131387,29.464233576642336,67.28759124087591
2025-03-26 16:09:09.179000+00:00,28.517391304347825,64.16666666666667,29.451449275362318,67.3195652173913
2025-03-26 16:09:17.069000+00:00,28.50863309352518,64.20143884892086,29.43884892086331,67.35035971223022
2025-03-26 16:09:24.948000+00:00,28.5,64.23571428571428,29.42642857142857,67.38142857142857
2025-03-26 16:09:32.938000+00:00,28.49148936170213,64.26950354609929,29.41418439716312,67.41205673758866
2025-03-26 16:09:40.716000+00:00,28.483098591549297,64.30281690140845,29.40211267605634,67.44225352112676
2025-03-26 16:09:48.563000+00:00,28.474825174825174,64.33566433566433,29.39020979020979,67.47202797202797
2025-03-26 16:09:56.383000+00:00,28.466666666666665,64.36805555555556,29.37847222222222,67.50208333333333
2025-03-26 16:10:04.262000+00:00,28.458620689655174,64.4,29.366896551724135,67.53172413793104
2025-03-26 16:10:12.154000+00:00,28.45068493150685,64.43150684931507,29.35547945205479,67.56095890410958
2025-03-26 16:10:20.019000+00:00,28.443537414965984,64.4625850340136,29.34421768707483,67.5891156462585
2025-03-26 16:10:27.817000+00:00,28.43581081081081,64.49324324324324,29.33310810810811,67.61621621621622
2025-03-26 16:10:35.710000+00:00,28.428187919463088,64.52348993288591,29.322147651006713,67.64362416107382
2025-03-26 16:10:43.482000+00:00,28.42066666666667,64.54666666666667,29.311333333333334,67.67066666666666
2025-03-26 16:10:51.334000+00:00,28.41390728476821,64.56953642384106,29.300662251655627,67.69668874172186
2025-03-26 16:10:59.113000+00:00,28.40723684210526,64.59210526315789,29.29013157894737,67.72171052631579
2025-03-26 16:11:06.932000+00:00,28.400653594771242,64.61437908496733,29.279738562091506,67.74640522875818
2025-03-26 16:11:14.930000+00:00,28.394155844155843,64.63636363636364,29.26948051948052,67.77142857142857
2025-03-26 16:11:22.795000+00:00,28.387741935483874,64.65806451612903,29.259354838709676,67.79548387096774
2025-03-26 16:11:30.683000+00:00,28.381410256410255,64.67948717948718,29.249358974358973,67.81923076923077
2025-03-26 16:11:38.558000+00:00,28.375159235668786,64.70063694267516,29.239490445859875,67.84267515923567
2025-03-26 16:11:46.474000+00:00,28.368987341772154,64.72151898734177,29.229746835443038,67.86582278481012
2025-03-26 16:11:54.470000+00:00,28.362893081761005,64.74213836477988,29.22012578616352,67.88867924528302
2025-03-26 16:12:02.456000+00:00,28.356875000000002,64.7625,29.210625,67.91125
2025-03-26 16:12:10.244000+00:00,28.350931677018632,64.78260869565217,29.201242236024843,67.9335403726708
2025-03-26 16:12:18.189000+00:00,28.34506172839506,64.80246913580247,29.192592592592593,67.95617283950617
2025-03-26 16:12:25.999000+00:00,28.339263803680982,64.82208588957056,29.183435582822085,67.97791411042945
2025-03-26 16:12:33.756000+00:00,28.334146341463416,64.84146341463415,29.17439024390244,67.99878048780488
2025-03-26 16:12:41.675000+00:00,28.328484848484848,64.86060606060606,29.165454545454548,68.02
2025-03-26 16:12:49.662000+00:00,28.323493975903613,64.87951807228916,29.157228915662653,68.04096385542168
2025-03-26 16:12:57.570000+00:00,28.317964071856288,64.89820359281437,29.148502994011977,68.06107784431138
2025-03-26 16:13:05.636000+00:00,28.3125,64.91666666666667,29.139880952380953,68.08095238095238
2025-03-26 16:13:13.419000+00:00,28.307692307692307,64.93491124260355,29.131360946745563,68.1
2025-03-26 16:13:21.273000+00:00,28.30294117647059,64.95294117647059,29.123529411764707,68.11941176470587
2025-03-26 16:13:29.086000+00:00,28.29824561403509,64.97076023391813,29.115789473684213,68.13859649122807
2025-03-26 16:13:36.867000+00:00,28.29360465116279,64.98837209302326,29.107558139534884,68.15755813953488
2025-03-26 16:13:44.828000+00:00,28.289017341040463,65.00578034682081,29.09942196531792,68.1757225433526
2025-03-26 16:13:55.365000+00:00,28.28448275862069,65.02298850574712,29.091954022988507,68.19425287356322
2025-03-26 16:14:03.186000+00:00,28.28,65.04,29.084,68.21257142857144
2025-03-26 16:14:11.071000+00:00,28.275,65.05681818181819,29.076136363636362,68.23011363636364
2025-03-26 16:14:18.850000+00:00,28.270621468926553,65.07344632768361,29.068926553672316,68.24802259887005
2025-03-26 16:14:26.739000+00:00,28.26629213483146,65.08988764044943,29.061235955056176,68.26516853932584
2025-03-26 16:14:34.492000+00:00,28.262011173184355,65.10614525139665,29.054189944134077,68.2826815642458
2025-03-26 16:14:42.300000+00:00,28.257777777777775,65.12222222222222,29.046666666666663,68.29944444444445
2025-03-26 16:14:50.109000+00:00,28.253591160220992,65.13812154696133,29.039226519337017,68.31602209944752
2025-03-26 16:14:58.075000+00:00,28.249450549450547,65.15384615384616,29.03241758241758,68.33296703296703
2025-03-26 16:15:05.861000+00:00,28.245355191256827,65.16939890710383,29.02513661202186,68.34918032786885
2025-03-26 16:15:13.997000+00:00,28.240760869565218,65.18478260869566,29.017934782608698,68.36521739130436
2025-03-26 16:15:24.757000+00:00,28.23675675675676,65.2,29.01081081081081,68.38108108108108
2025-03-26 16:15:32.564000+00:00,28.232258064516127,65.21505376344086,29.004301075268817,68.39731182795698
2025-03-26 16:15:40.553000+00:00,28.228342245989303,65.22994652406418,28.997326203208555,68.41283422459894
2025-03-26 16:15:48.444000+00:00,28.22446808510638,65.24468085106383,28.99042553191489,68.42819148936171
2025-03-26 16:15:56.527000+00:00,28.220634920634918,65.25925925925925,28.98359788359788,68.44338624338624
2025-03-26 16:16:04.420000+00:00,28.216842105263158,65.27368421052631,28.97684210526316,68.4578947368421
2025-03-26 16:16:12.168000+00:00,28.213089005235602,65.28795811518324,28.970680628272248,68.47329842931937
2025-03-26 16:16:19.988000+00:00,28.209374999999998,65.30208333333333,28.9640625,68.4875
2025-03-26 16:16:27.971000+00:00,28.205699481865285,65.3160621761658,28.9580310880829,68.5020725388601
2025-03-26 16:16:35.760000+00:00,28.202061855670102,65.3298969072165,28.95154639175258,68.51649484536082
2025-03-26 16:16:43.904000+00:00,28.198461538461537,65.34358974358975,28.945128205128206,68.53128205128205
2025-03-26 16:17:04.424000+00:00,28.194897959183674,65.35714285714286,28.939285714285717,68.54642857142858
2025-03-26 16:17:12.428000+00:00,28.191370558375635,65.37055837563452,28.933502538071064,68.56142131979695
2025-03-26 16:17:12.679000+00:00,28.18737373737374,65.38383838383838,28.92727272727273,68.57575757575758
2025-03-26 16:17:20.474000+00:00,28.183919597989952,65.39698492462311,28.921105527638193,68.59045226130654
2025-03-26 16:17:44.071000+00:00,28.180500000000002,65.41,28.9155,68.6065
2025-03-28 09:17:09.082000+00:00,31.6,61.0,32.1,68.3
2025-03-28 09:19:28.262000+00:00,31.6,61.0,32.150000000000006,68.15
2025-03-28 09:20:31.122000+00:00,31.633333333333336,61.0,32.166666666666664,68.03333333333333
2025-03-28 09:21:34.025000+00:00,31.65,61.0,32.175000000000004,68.0
2025-03-28 09:22:36.880000+00:00,31.68,61.0,32.18,67.96000000000001
2025-03-28 09:23:39.785000+00:00,31.7,61.0,32.2,67.91666666666667
2025-03-28 09:24:42.751000+00:00,31.728571428571428,61.0,32.214285714285715,67.87142857142858
2025-03-28 09:25:45.605000+00:00,31.75,60.875,32.225,67.8125
2025-03-28 09:26:48.392000+00:00,31.77777777777778,60.77777777777778,32.24444444444444,67.76666666666667
2025-03-28 09:27:51.248000+00:00,31.8,60.7,32.260000000000005,67.69
2025-03-28 09:28:54.050000+00:00,31.818181818181817,60.63636363636363,32.27272727272727,67.61818181818181
2025-03-29 04:32:44.442000+00:00,31.066666666666666,59.666666666666664,31.391666666666666,66.85000000000001
2025-03-29 04:33:07.203000+00:00,30.430769230769233,58.84615384615385,30.653846153846153,66.26153846153846
2025-03-29 04:34:18.829000+00:00,29.885714285714283,58.07142857142857,30.014285714285712,65.70714285714286
2025-03-29 04:35:17.555000+00:00,29.413333333333334,57.4,29.466666666666665,65.21333333333334
2025-03-29 12:28:01.931000+00:00,24.560000000000002,51.2,23.84,60.58
2025-03-29 12:29:05.033000+00:00,25.766666666666666,53.0,25.233333333333334,61.86666666666667
2025-03-29 12:29:45.790000+00:00,26.642857142857142,54.142857142857146,26.25714285714286,62.728571428571435
2025-03-29 12:30:51.505000+00:00,27.35,54.875,27.0375,63.3375
2025-03-29 12:31:54.583000+00:00,27.91111111111111,55.333333333333336,27.700000000000003,63.699999999999996
2025-03-29 12:32:57.500000+00:00,28.35,55.8,28.28,63.81
2025-03-29 12:34:00.351000+00:00,28.70909090909091,56.18181818181818,28.754545454545454,63.90909090909091
2025-03-29 12:35:03.248000+00:00,29.00833333333333,56.5,29.191666666666666,63.9
2025-03-29 12:36:06.025000+00:00,29.246153846153845,56.76923076923077,29.553846153846152,63.87692307692308
2025-04-10 12:28:32.241000+00:00,26.2,79.0,26.8,80.9
2025-04-10 12:28:40.109000+00:00,26.2,79.5,26.85,80.95
2025-04-10 12:28:47.888000+00:00,26.2,79.66666666666667,26.833333333333332,80.93333333333334
2025-04-10 12:28:55.669000+00:00,26.2,79.5,26.85,80.95
2025-04-10 12:29:03.459000+00:00,26.2,79.6,26.839999999999996,80.94000000000001
2025-04-10 12:29:11.238000+00:00,26.2,79.66666666666667,26.833333333333332,80.93333333333334
2025-04-10 12:29:19.017000+00:00,26.2,79.71428571428571,26.82857142857143,80.92857142857143
2025-04-10 12:29:26.812000+00:00,26.2,79.625,26.825,80.92500000000001
2025-04-10 12:29:34.568000+00:00,26.211111111111112,79.55555555555556,26.822222222222223,80.92222222222223
2025-04-10 12:29:42.348000+00:00,26.22,79.6,26.82,80.92
2025-04-10 12:29:50.129000+00:00,26.227272727272727,79.54545454545455,26.818181818181817,80.91818181818182
2025-04-10 12:30:33.123000+00:00,26.233333333333334,79.5,26.816666666666666,80.91666666666667
2025-04-10 12:31:35.943000+00:00,26.23846153846154,79.46153846153847,26.815384615384616,80.93076923076924
2025-04-10 12:32:38.723000+00:00,26.24285714285714,79.42857142857143,26.814285714285713,80.9357142857143
2025-04-10 12:33:41.469000+00:00,26.246666666666666,79.4,26.813333333333333,80.94666666666667
2025-04-10 12:34:44.263000+00:00,26.25,79.375,26.8125,80.96875
2025-04-10 12:35:47.036000+00:00,26.25294117647059,79.41176470588235,26.811764705882354,80.96470588235294
2025-04-10 12:36:49.814000+00:00,26.62777777777778,78.33333333333333,26.811111111111114,80.99444444444445
2025-04-10 12:37:52.678000+00:00,27.152631578947368,76.6842105263158,28.28421052631579,78.66842105263159
2025-04-10 12:38:55.737000+00:00,27.695,75.05,29.975,75.865
2025-04-10 12:39:58.918000+00:00,28.114285714285714,73.47619047619048,31.185714285714283,73.44761904761906
2025-04-10 12:41:02.033000+00:00,28.404545454545453,72.31818181818181,32.02727272727273,71.48181818181818
2025-04-10 12:42:04.809000+00:00,28.58695652173913,71.3913043478261,32.56521739130435,69.96521739130435
2025-04-10 12:43:07.686000+00:00,28.691666666666666,70.75,32.87916666666667,68.875
2025-04-10 12:44:10.932000+00:00,28.756,70.28,33.044000000000004,68.112
2025-04-10 12:45:13.847000+00:00,28.78846153846154,70.0,33.103846153846156,67.6076923076923
2025-04-10 12:46:17.367000+00:00,28.796296296296298,69.81481481481481,33.1,67.31111111111112
2025-04-10 12:47:20.096000+00:00,28.789285714285715,69.71428571428571,33.05357142857143,67.16428571428573
2025-04-15 16:57:25.536000+00:00,28.0,66.0,29.1,69.3
2025-04-15 16:58:28.389000+00:00,28.0,66.0,28.950000000000003,70.25
2025-04-15 16:59:31.481000+00:00,28.0,66.0,28.900000000000002,70.46666666666667
2025-04-15 17:00:34.456000+00:00,28.0,66.0,28.875,70.625
2025-04-15 17:01:37.220000+00:00,28.0,65.8,28.839999999999996,70.72
2025-04-15 17:02:03.101000+00:00,28.0,65.66666666666667,28.816666666666666,70.78333333333333
2025-04-15 17:03:06.261000+00:00,28.0,65.71428571428571,28.8,70.82857142857142
2025-04-15 17:04:09.032000+00:00,28.0,65.75,28.7875,70.8875
2025-04-15 17:05:11.974000+00:00,28.0,65.77777777777777,28.77777777777778,70.95555555555556
2025-04-15 17:06:17.882000+00:00,28.0,65.8,28.77,71.03999999999999
2025-04-15 17:07:20.590000+00:00,28.163636363636364,65.54545454545455,28.763636363636362,71.08181818181818
2025-04-15 17:08:23.925000+00:00,28.400000000000002,64.83333333333333,29.241666666666664,70.125
2025-04-15 17:09:26.850000+00:00,28.661538461538463,64.07692307692308,29.807692307692307,68.93846153846154
2025-04-15 17:10:29.624000+00:00,28.907142857142855,63.285714285714285,30.307142857142857,67.8
2025-04-15 17:11:32.496000+00:00,29.14,62.53333333333333,30.80666666666667,66.69333333333333
2025-04-15 17:12:35.361000+00:00,29.34375,61.875,31.21875,65.75
2025-04-15 17:13:38.245000+00:00,29.50588235294118,61.294117647058826,31.711764705882356,64.74117647058823
2025-04-15 17:14:41.323000+00:00,29.599999999999998,60.833333333333336,31.97222222222222,63.99444444444445
2025-04-15 17:15:44.201000+00:00,29.652631578947368,60.526315789473685,32.12105263157895,63.5
2025-04-15 17:16:46.976000+00:00,29.669999999999998,60.3,32.195,63.175
2025-04-15 17:17:49.856000+00:00,29.67142857142857,60.19047619047619,32.233333333333334,62.99047619047619
2025-04-15 17:18:52.704000+00:00,29.65909090909091,60.13636363636363,32.22727272727273,62.89090909090908
2025-04-15 17:19:55.498000+00:00,29.63913043478261,60.130434782608695,32.19565217391305,62.86521739130435
2025-04-15 17:20:58.276000+00:00,29.6125,60.166666666666664,32.145833333333336,62.89166666666667
2025-04-15 17:22:01.020000+00:00,29.58,60.2,32.088,62.956
2025-04-15 17:23:04.280000+00:00,29.54615384615385,60.26923076923077,32.02307692307692,63.05384615384616
2025-04-15 17:23:53.523000+00:00,29.51111111111111,60.333333333333336,31.955555555555552,63.170370370370364
2025-04-15 17:24:56.725000+00:00,29.55,60.285714285714285,31.885714285714283,63.300000000000004
2025-04-15 17:25:59.426000+00:00,29.637931034482758,60.06896551724138,32.04827586206896,63.05862068965517
2025-04-15 17:27:02.196000+00:00,29.746666666666666,59.766666666666666,32.25666666666667,62.66
2025-04-15 17:28:05.554000+00:00,29.85483870967742,59.45161290322581,32.45483870967742,62.270967741935486
2025-04-15 17:29:08.466000+00:00,29.965625,59.125,32.646875,61.8875
2025-04-15 17:30:11.345000+00:00,30.066666666666666,58.81818181818182,32.83939393939394,61.50606060606061
2025-04-15 17:31:14.319000+00:00,30.170588235294115,58.5,33.07647058823529,61.0529411764706
2025-04-15 17:32:17.554000+00:00,30.257142857142856,58.2,33.31142857142857,60.559999999999995
2025-04-15 17:33:20.744000+00:00,30.313888888888886,57.97222222222222,33.458333333333336,60.138888888888886
2025-04-15 17:34:23.819000+00:00,30.348648648648652,57.78378378378378,33.545945945945945,59.843243243243236
2025-04-15 17:35:26.936000+00:00,30.365789473684213,57.6578947368421,33.58947368421053,59.63947368421053
2025-04-15 17:36:29.927000+00:00,30.36923076923077,57.56410256410256,33.6025641025641,59.51538461538461
2025-04-15 17:37:32.780000+00:00,30.3625,57.5,33.5925,59.455
2025-04-15 17:38:36.134000+00:00,30.348780487804877,57.51219512195122,33.56341463414634,59.443902439024384
2025-04-15 17:39:38.876000+00:00,30.330952380952382,57.54761904761905,33.523809523809526,59.469047619047615
2025-04-15 17:40:41.937000+00:00,30.30697674418605,57.58139534883721,33.47674418604651,59.527906976744184
2025-04-20 09:21:00.582000+00:00,31.8,55.0,33.5,59.9
2025-04-20 09:22:04.298000+00:00,31.8,54.5,33.45,60.55
2025-04-20 09:23:07.547000+00:00,31.833333333333332,54.333333333333336,33.43333333333333,60.5
2025-04-20 09:24:10.520000+00:00,31.85,54.5,33.4,60.6
2025-04-20 09:25:13.638000+00:00,31.860000000000003,54.6,33.4,60.760000000000005
2025-04-20 09:26:16.714000+00:00,31.849999999999998,54.666666666666664,33.416666666666664,60.85
2025-04-20 09:27:19.579000+00:00,31.842857142857145,54.714285714285715,33.42857142857143,60.92857142857143
2025-04-20 09:28:22.354000+00:00,31.8375,54.875,33.4375,61.125
2025-04-20 09:29:25.133000+00:00,31.84444444444445,54.888888888888886,33.455555555555556,61.266666666666666
2025-04-20 09:30:27.900000+00:00,31.85,54.9,33.46,61.3
2025-04-20 09:31:30.658000+00:00,31.845454545454547,54.90909090909091,33.46363636363637,61.36363636363637
2025-04-20 09:32:33.433000+00:00,31.84166666666667,54.916666666666664,33.458333333333336,61.375
2025-04-20 09:33:36.228000+00:00,31.838461538461537,55.0,33.44615384615385,61.392307692307696
2025-04-20 09:34:39.104000+00:00,31.835714285714285,55.07142857142857,33.45,61.471428571428575
2025-04-20 09:35:41.860000+00:00,31.84,55.06666666666667,33.46,61.54666666666667
2025-04-20 09:36:44.643000+00:00,31.84375,55.0625,33.46875,61.59375
2025-04-20 09:37:47.398000+00:00,31.84705882352941,55.11764705882353,33.476470588235294,61.6764705882353
2025-04-20 09:38:50.173000+00:00,31.849999999999998,55.111111111111114,33.483333333333334,61.69444444444444
2025-04-20 09:39:52.948000+00:00,31.85263157894737,55.1578947368421,33.48947368421052,61.68421052631579
2025-04-20 09:40:55.830000+00:00,31.85,55.15,33.5,61.71
2025-04-20 09:41:58.709000+00:00,31.847619047619045,55.142857142857146,33.50952380952381,61.719047619047615
2025-04-20 09:43:01.582000+00:00,31.84090909090909,55.13636363636363,33.518181818181816,61.67272727272727
2025-04-20 09:44:04.352000+00:00,31.834782608695654,55.08695652173913,33.52173913043478,61.61739130434783
2025-04-20 09:45:08.937000+00:00,31.829166666666666,55.083333333333336,33.512499999999996,61.5625
2025-04-20 09:46:11.726000+00:00,31.824,55.08,33.504,61.556000000000004
2025-04-20 09:47:14.499000+00:00,31.823076923076922,55.07692307692308,33.5,61.55
2025-04-20 09:48:17.268000+00:00,31.822222222222223,55.074074074074076,33.5,61.55555555555556
2025-04-20 09:49:20.036000+00:00,31.821428571428573,55.07142857142857,33.5,61.55357142857143
2025-04-20 09:50:22.799000+00:00,31.820689655172412,55.06896551724138,33.49655172413793,61.5551724137931
2025-04-20 09:54:45.491000+00:00,31.82,55.06666666666667,33.49666666666666,61.559999999999995
2025-04-20 09:54:45.493000+00:00,31.81935483870968,55.064516129032256,33.49677419354839,61.55806451612903
2025-04-20 09:54:45.496000+00:00,31.81875,55.0625,33.496875,61.55625
2025-04-20 09:54:48.259000+00:00,31.818181818181817,55.06060606060606,33.5,61.53636363636364
2025-04-20 09:55:51.016000+00:00,31.81764705882353,55.05882352941177,33.502941176470586,61.51470588235294
2025-04-22 12:03:14.394000+00:00,29.6,61.0,30.4,66.9
2025-04-22 12:04:18.052000+00:00,29.6,61.0,30.45,66.9
2025-04-22 12:05:20.837000+00:00,29.633333333333336,61.0,31.099999999999998,66.73333333333333
2025-04-22 12:06:23.698000+00:00,29.675,61.0,31.924999999999997,65.5
2025-04-22 12:07:26.466000+00:00,29.7,60.8,32.7,69.5
2025-04-22 12:08:29.244000+00:00,29.733333333333334,60.666666666666664,33.25,67.33333333333333
2025-04-22 12:09:32.010000+00:00,29.74285714285714,60.57142857142857,33.642857142857146,65.68571428571428
2025-04-22 12:10:34.792000+00:00,29.75,60.5,33.825,64.3875
2025-04-22 12:11:37.551000+00:00,29.755555555555556,60.44444444444444,33.86666666666667,63.56666666666667
2025-04-22 12:12:40.322000+00:00,29.76,60.4,33.85,63.02
2025-04-22 12:13:43.094000+00:00,29.754545454545454,60.45454545454545,33.78181818181818,62.71818181818182
2025-04-22 12:14:45.884000+00:00,29.75,60.416666666666664,33.69166666666667,62.56666666666666
2025-04-23 08:33:52.414000+00:00,29.838461538461537,60.07692307692308,33.56153846153846,62.607692307692304
2025-04-23 08:34:55.304000+00:00,29.914285714285715,59.785714285714285,33.47857142857143,62.628571428571426
2025-04-23 08:35:58.062000+00:00,29.986666666666668,59.53333333333333,33.406666666666666,62.67333333333333
2025-04-23 08:37:00.841000+00:00,30.04375,59.3125,33.34375,62.7125
2025-04-23 08:38:03.611000+00:00,30.094117647058823,59.11764705882353,33.28823529411765,62.752941176470586
2025-04-23 08:39:06.383000+00:00,30.13888888888889,58.94444444444444,33.24444444444444,62.78333333333333
2025-04-23 08:40:09.161000+00:00,30.178947368421053,58.78947368421053,33.194736842105264,62.805263157894736
2025-04-23 08:41:12.034000+00:00,30.21,58.65,33.15,62.815
2025-04-23 08:42:14.814000+00:00,30.238095238095237,58.523809523809526,33.1,62.84285714285714
2025-04-23 08:43:17.593000+00:00,30.254545454545454,58.45454545454545,33.054545454545455,62.88636363636363
2025-04-23 08:44:20.363000+00:00,30.269565217391307,58.391304347826086,33.004347826086956,62.95652173913044
2025-04-23 08:45:23.119000+00:00,30.28333333333333,58.333333333333336,32.958333333333336,63.02916666666667
2025-04-23 08:46:25.898000+00:00,30.291999999999998,58.32,32.92,63.092
2025-04-23 08:47:28.774000+00:00,30.299999999999997,58.30769230769231,32.88461538461539,63.146153846153844
2025-04-23 08:48:31.544000+00:00,30.3,58.2962962962963,32.84814814814815,63.2
2025-04-23 08:49:34.321000+00:00,30.3,58.285714285714285,32.80714285714286,63.260714285714286
2025-04-23 08:50:37.089000+00:00,30.29655172413793,58.310344827586206,32.76896551724138,63.334482758620695
2025-04-23 08:51:39.966000+00:00,30.290000000000003,58.333333333333336,32.73,63.406666666666666
2025-04-23 08:52:42.732000+00:00,30.283870967741933,58.354838709677416,32.68709677419355,63.49032258064516
2025-04-23 08:53:45.507000+00:00,30.278125,58.375,32.646875,63.575
2025-04-23 08:54:48.289000+00:00,30.26969696969697,58.39393939393939,32.60606060606061,63.666666666666664
2025-04-23 08:55:51.049000+00:00,30.261764705882356,58.411764705882355,32.56470588235294,63.747058823529414
2025-04-23 08:56:53.829000+00:00,30.254285714285718,58.457142857142856,32.52285714285714,63.834285714285706
2025-04-23 08:57:56.599000+00:00,30.247222222222224,58.5,32.483333333333334,63.925000000000004
2025-04-23 08:58:59.360000+00:00,30.240540540540543,58.54054054054054,32.443243243243245,64.01621621621621
2025-04-23 09:00:02.141000+00:00,30.234210526315792,58.578947368421055,32.40526315789474,64.10000000000001
2025-04-23 09:01:04.908000+00:00,30.22820512820513,58.61538461538461,32.36666666666667,64.18717948717949
2025-04-23 09:02:07.790000+00:00,30.22,58.7,32.33,64.27250000000001
2025-04-23 09:03:10.566000+00:00,30.214634146341464,58.73170731707317,32.297560975609755,64.35609756097561
2025-04-23 09:04:13.340000+00:00,30.20952380952381,58.76190476190476,32.26904761904762,64.44047619047619
2025-04-23 09:05:16.098000+00:00,30.2,58.83720930232558,32.23953488372093,64.51162790697674
2025-04-23 09:06:18.879000+00:00,30.188636363636363,58.90909090909091,32.20681818181818,64.59318181818182
2025-04-23 09:07:21.654000+00:00,30.177777777777777,59.0,32.17111111111111,64.68888888888888
2025-04-23 09:08:24.422000+00:00,30.167391304347827,59.08695652173913,32.13478260869565,64.79130434782608
2025-04-23 09:09:27.203000+00:00,30.15744680851064,59.170212765957444,32.1,64.89574468085107
2025-04-23 09:10:29.961000+00:00,30.150000000000002,59.25,32.06875,64.99791666666667
2025-04-23 09:11:32.748000+00:00,30.142857142857142,59.3469387755102,32.04081632653061,65.09387755102041
2025-04-23 09:12:35.526000+00:00,30.136,59.44,32.016,65.188
2025-04-23 09:13:38.288000+00:00,30.13137254901961,59.529411764705884,31.994117647058825,65.28823529411764
2025-04-23 09:14:41.060000+00:00,30.126923076923074,59.61538461538461,31.97307692307692,65.37307692307692
2025-04-23 09:15:43.826000+00:00,30.12452830188679,59.660377358490564,31.952830188679247,65.44716981132075
2025-04-23 09:16:46.608000+00:00,30.12222222222222,59.7037037037037,31.933333333333334,65.52222222222223
2025-04-23 09:17:49.376000+00:00,30.119999999999997,59.74545454545454,31.916363636363638,65.58545454545454
2025-04-23 09:18:52.154000+00:00,30.11785714285714,59.785714285714285,31.901785714285715,65.63928571428572
2025-04-23 09:19:54.925000+00:00,30.11578947368421,59.824561403508774,31.887719298245614,65.69824561403509
2025-04-23 09:20:57.702000+00:00,30.113793103448273,59.86206896551724,31.875862068965517,65.7551724137931
2025-04-23 09:22:00.457000+00:00,30.1135593220339,59.898305084745765,31.864406779661017,65.81016949152543
2025-04-23 09:23:03.240000+00:00,30.113333333333333,59.93333333333333,31.855,65.86
2025-04-23 09:24:06.018000+00:00,30.113114754098362,59.967213114754095,31.845901639344262,65.91639344262295
2025-04-23 09:25:08.788000+00:00,30.114516129032257,60.0,31.83709677419355,65.96290322580644
2025-04-23 09:26:11.552000+00:00,30.115873015873014,60.03174603174603,31.83015873015873,66.0063492063492
2025-04-23 09:27:14.334000+00:00,30.1171875,60.0625,31.8234375,66.0484375
2025-04-23 09:28:17.104000+00:00,30.11846153846154,60.09230769230769,31.816923076923075,66.08923076923077
2025-04-23 09:29:19.869000+00:00,30.11969696969697,60.121212121212125,31.810606060606062,66.12878787878788
2025-04-23 09:30:22.649000+00:00,30.119402985074625,60.149253731343286,31.8044776119403,66.16716417910447
2025-04-23 09:31:25.421000+00:00,30.11911764705882,60.1764705882353,31.798529411764708,66.20735294117648
2025-04-23 09:32:28.197000+00:00,30.11884057971014,60.20289855072464,31.791304347826085,66.2463768115942
2025-04-23 09:33:30.968000+00:00,30.118571428571432,60.22857142857143,31.785714285714285,66.27714285714285
2025-04-23 09:34:33.828000+00:00,30.11830985915493,60.23943661971831,31.780281690140846,66.3056338028169
2025-04-23 09:35:36.604000+00:00,30.118055555555557,60.25,31.775000000000002,66.32777777777778
2025-04-23 09:36:39.385000+00:00,30.116438356164384,60.24657534246575,31.771232876712332,66.34657534246575
2025-04-23 09:37:42.270000+00:00,30.114864864864863,60.24324324324324,31.764864864864865,66.35
2025-04-23 09:38:45.016000+00:00,30.113333333333333,60.25333333333333,31.755999999999997,66.36533333333333
2025-04-23 09:39:47.795000+00:00,30.111842105263158,60.26315789473684,31.748684210526317,66.38947368421053
2025-04-23 09:40:50.574000+00:00,30.11038961038961,60.27272727272727,31.74285714285714,66.4090909090909
2025-04-23 09:41:53.343000+00:00,30.108974358974358,60.282051282051285,31.73589743589744,66.41794871794872
2025-04-23 09:42:56.121000+00:00,30.10759493670886,60.29113924050633,31.730379746835442,66.43544303797468
2025-04-23 09:43:58.911000+00:00,30.10625,60.2875,31.725,66.44500000000001
2025-04-23 09:45:01.673000+00:00,30.106172839506172,60.28395061728395,31.72098765432099,66.44691358024691
2025-04-23 09:46:04.431000+00:00,30.10609756097561,60.28048780487805,31.71829268292683,66.4451219512195
2025-04-23 09:47:07.203000+00:00,30.106024096385543,60.265060240963855,31.71566265060241,66.43855421686746
2025-04-23 09:48:09.985000+00:00,30.10595238095238,60.26190476190476,31.711904761904766,66.43571428571428
2025-04-23 09:49:12.765000+00:00,30.10705882352941,60.247058823529414,31.709411764705884,66.43176470588234
2025-04-23 09:50:15.626000+00:00,30.109302325581396,60.23255813953488,31.70813953488372,66.42325581395349
2025-04-23 09:51:18.401000+00:00,30.111494252873563,60.2183908045977,31.70689655172414,66.41724137931034
2025-04-23 10:31:05.544000+00:00,30.114772727272726,60.20454545454545,31.70681818181818,66.41022727272728
2025-04-23 10:31:05.555000+00:00,30.117977528089888,60.17977528089887,31.707865168539325,66.39662921348315
2025-04-23 10:31:05.559000+00:00,30.12,60.166666666666664,31.707777777777775,66.39222222222223
2025-04-23 10:31:05.560000+00:00,30.123076923076923,60.15384615384615,31.70769230769231,66.37692307692308
2025-04-23 10:31:05.561000+00:00,30.12608695652174,60.130434782608695,31.708695652173912,66.35760869565217
2025-04-23 10:31:05.562000+00:00,30.129032258064516,60.10752688172043,31.70967741935484,66.33440860215055
2025-04-23 10:31:05.562000+00:00,30.130851063829788,60.07446808510638,31.710638297872343,66.30531914893616
2025-04-23 10:31:05.563000+00:00,30.13157894736842,60.05263157894737,31.709473684210526,66.28315789473683
2025-04-23 10:31:05.564000+00:00,30.132291666666664,60.03125,31.708333333333332,66.26458333333333
2025-04-23 10:31:05.564000+00:00,30.1319587628866,60.01030927835052,31.70721649484536,66.24845360824743
2025-04-23 10:31:05.565000+00:00,30.131632653061224,60.0,31.705102040816325,66.28673469387755
2025-04-23 10:31:05.567000+00:00,30.13131313131313,59.98989898989899,31.704040404040402,66.27676767676768
2025-04-23 10:31:05.568000+00:00,30.131,59.98,31.703000000000003,66.267
2025-04-23 10:31:05.569000+00:00,30.128712871287128,59.99009900990099,31.698019801980198,66.26336633663367
2025-04-23 10:31:05.570000+00:00,30.126470588235296,60.0,31.69313725490196,66.26372549019608
2025-04-23 10:31:12.716000+00:00,30.124271844660196,60.00970873786408,31.6873786407767,66.26796116504855
2025-04-23 10:31:17.566000+00:00,30.122115384615384,60.01923076923077,31.68173076923077,66.27211538461539
2025-04-23 10:31:59.760000+00:00,30.119999999999997,60.02857142857143,31.677142857142858,66.2752380952381
2025-04-23 10:33:02.538000+00:00,30.117924528301888,60.04716981132076,31.671698113207544,66.27830188679245
2025-04-23 10:34:05.316000+00:00,30.115887850467292,60.06542056074766,31.66635514018692,66.28691588785047
2025-04-23 10:35:08.095000+00:00,30.11296296296296,60.074074074074076,31.66111111111111,66.29629629629629
2025-04-23 10:36:10.860000+00:00,30.109174311926605,60.091743119266056,31.654128440366975,66.3045871559633
2025-04-23 10:37:13.645000+00:00,30.103636363636365,60.10909090909091,31.646363636363635,66.31818181818181
2025-04-23 10:38:16.514000+00:00,30.098198198198197,60.126126126126124,31.63873873873874,66.33243243243243
2025-04-23 10:39:19.386000+00:00,30.092857142857145,60.151785714285715,31.630357142857143,66.34910714285715
2025-04-23 10:40:22.166000+00:00,30.08761061946903,60.16814159292036,31.621238938053096,66.3646017699115
2025-04-23 10:41:24.935000+00:00,30.082456140350878,60.19298245614035,31.613157894736844,66.37982456140351
2025-04-23 10:42:27.696000+00:00,30.078260869565216,60.208695652173915,31.604347826086958,66.39565217391305
2025-04-23 10:43:30.478000+00:00,30.075,60.224137931034484,31.598275862068967,66.40603448275863
2025-04-23 10:44:33.346000+00:00,30.070940170940172,60.23931623931624,31.59145299145299,66.41452991452991
2025-04-23 10:45:36.133000+00:00,30.06779661016949,60.25423728813559,31.584745762711865,66.42372881355932
2025-04-23 10:46:38.888000+00:00,30.067226890756302,60.252100840336134,31.582352941176474,66.43529411764706
2025-04-23 10:47:41.661000+00:00,30.069166666666668,60.25,31.586666666666666,66.43833333333333
2025-04-23 10:48:44.437000+00:00,30.068595041322315,60.247933884297524,31.588429752066116,66.42561983471074
2025-04-23 10:49:47.202000+00:00,30.068032786885247,60.24590163934426,31.589344262295082,66.41475409836066
2025-04-23 10:50:49.983000+00:00,30.06747967479675,60.24390243902439,31.590243902439024,66.40731707317073
2025-04-23 10:51:52.854000+00:00,30.06935483870968,60.24193548387097,31.59193548387097,66.4016129032258
2025-04-23 10:52:55.638000+00:00,30.0728,60.232,31.595200000000002,66.3936
2025-04-23 10:53:58.400000+00:00,30.074603174603176,60.22222222222222,31.598412698412698,66.38095238095238
2025-04-24 06:54:25.642000+00:00,30.11130434782609,60.165217391304346,31.380869565217388,66.7408695652174
2025-04-24 06:55:28.601000+00:00,30.114655172413794,60.13793103448276,31.382758620689653,66.71982758620689
2025-04-24 06:56:31.367000+00:00,30.11880341880342,60.111111111111114,31.385470085470086,66.7025641025641
2025-04-24 06:57:34.237000+00:00,30.122881355932204,60.07627118644068,31.388983050847454,66.68050847457627
2025-04-24 06:58:37.483000+00:00,30.127731092436974,60.04201680672269,31.39327731092437,66.66050420168067
2025-04-24 06:59:40.482000+00:00,30.1325,60.00833333333333,31.397499999999997,66.635
2025-04-24 07:00:43.267000+00:00,30.13801652892562,59.98347107438016,31.401652892561984,66.61322314049586
2025-04-24 07:01:46.617000+00:00,30.14344262295082,59.959016393442624,31.40573770491803,66.59098360655737
2025-04-24 07:02:49.353000+00:00,30.14878048780488,59.9349593495935,31.410569105691057,66.57073170731707
2025-04-24 07:03:52.087000+00:00,30.154838709677417,59.91129032258065,31.41532258064516,66.55645161290323
2025-04-24 07:04:55.343000+00:00,30.1608,59.888,31.4208,66.5408
2025-04-24 07:05:58.726000+00:00,30.166666666666668,59.86507936507937,31.426984126984124,66.52698412698412
2025-04-24 07:07:01.811000+00:00,30.17244094488189,59.84251968503937,31.433070866141733,66.51023622047244
2025-04-24 07:08:04.526000+00:00,30.178125,59.8203125,31.439843749999998,66.49375
2025-04-24 07:09:07.650000+00:00,30.183720930232557,59.798449612403104,31.446511627906975,66.47751937984496
2025-04-24 07:10:10.571000+00:00,30.189230769230768,59.776923076923076,31.45307692307692,66.46230769230769
2025-04-24 07:11:13.721000+00:00,30.19465648854962,59.7557251908397,31.459541984732823,66.4412213740458
2025-04-24 07:12:16.630000+00:00,30.2,59.72727272727273,31.46590909090909,66.41893939393938
2025-04-24 07:13:19.777000+00:00,30.205263157894738,59.69924812030075,31.47218045112782,66.39473684210526
2025-04-24 07:14:22.503000+00:00,30.21044776119403,59.67164179104478,31.47835820895522,66.37388059701493
2025-04-24 07:15:25.560000+00:00,30.215555555555554,59.65185185185185,31.484444444444442,66.35407407407406
2025-04-24 07:16:28.810000+00:00,30.220588235294116,59.625,31.489705882352936,66.33602941176471
2025-04-24 07:17:31.978000+00:00,30.225547445255472,59.59124087591241,31.494890510948906,66.30656934306569
2025-04-24 07:18:34.799000+00:00,30.229710144927534,59.55797101449275,31.5,66.28115942028985
2025-04-24 07:19:37.555000+00:00,30.23381294964029,59.52517985611511,31.503597122302157,66.25611510791367
2025-04-24 07:20:40.324000+00:00,30.237857142857145,59.5,31.507857142857137,66.23357142857144
2025-04-24 07:21:43.212000+00:00,30.24184397163121,59.4822695035461,31.51276595744681,66.21489361702127
2025-04-24 07:22:46.440000+00:00,30.24577464788732,59.46478873239437,31.517605633802816,66.19929577464788
2025-04-24 07:23:49.642000+00:00,30.24965034965035,59.44755244755245,31.522377622377622,66.18741258741258
2025-04-24 07:24:52.368000+00:00,30.25347222222222,59.43055555555556,31.52638888888889,66.16874999999999
2025-04-24 07:25:55.121000+00:00,30.257241379310347,59.41379310344828,31.53103448275862,66.15586206896552
2025-04-24 07:26:57.999000+00:00,30.260958904109593,59.397260273972606,31.535616438356165,66.14109589041097
2025-04-24 07:28:01.150000+00:00,30.264625850340135,59.38095238095238,31.53877551020408,66.12721088435374
2025-04-24 07:29:04.050000+00:00,30.26824324324324,59.36486486486486,31.54189189189189,66.11621621621622
2025-04-24 07:30:06.930000+00:00,30.27181208053691,59.355704697986575,31.548322147651007,66.10536912751678
2025-04-24 07:31:09.721000+00:00,30.275999999999996,59.34,31.562,66.082
2025-04-24 07:32:13.051000+00:00,30.280132450331127,59.324503311258276,31.579470198675498,66.05099337748345
2025-04-24 07:33:15.775000+00:00,30.28421052631579,59.30921052631579,31.598684210526315,66.00986842105263
2025-04-24 07:34:18.527000+00:00,30.288235294117648,59.30065359477124,31.618954248366013,65.9673202614379
2025-04-24 07:35:21.505000+00:00,30.292207792207794,59.29220779220779,31.63831168831169,65.92532467532467
2025-04-24 07:36:24.486000+00:00,30.29612903225806,59.28387096774193,31.65741935483871,65.88645161290323
2025-04-24 07:37:27.938000+00:00,30.300641025641024,59.27564102564103,31.678846153846152,65.92371794871795
2025-04-24 07:38:31.020000+00:00,30.305095541401272,59.267515923566876,31.7,65.93375796178344
2025-04-24 07:39:34.093000+00:00,30.309493670886074,59.25949367088607,31.72405063291139,65.95949367088608
2025-04-24 07:40:36.802000+00:00,30.31383647798742,59.25157232704402,31.752201257861632,66.01761006289308
2025-04-24 07:41:40.351000+00:00,30.318125,59.25,31.7825,66.0175
2025-04-24 07:42:43.497000+00:00,30.322981366459626,59.24223602484472,31.81366459627329,66.02173913043478
2025-04-24 07:43:46.719000+00:00,30.32777777777778,59.24074074074074,31.848148148148145,66.22654320987655
2025-04-24 07:44:49.910000+00:00,30.332515337423313,59.23312883435583,31.88282208588957,66.39631901840491
2025-04-24 07:45:52.828000+00:00,30.336585365853658,59.22560975609756,31.909756097560976,66.33841463414635
2025-04-24 07:46:55.597000+00:00,30.34060606060606,59.21818181818182,31.93030303030303,66.29454545454546
2025-04-24 07:47:58.842000+00:00,30.34397590361446,59.21084337349398,31.946987951807227,66.26144578313253
2025-04-24 07:49:01.569000+00:00,30.347305389221557,59.209580838323355,31.958682634730536,66.23353293413173
2025-04-24 07:50:04.621000+00:00,30.350595238095234,59.20238095238095,31.967857142857138,66.21309523809524
2025-04-24 07:51:07.392000+00:00,30.353846153846156,59.19526627218935,31.975147928994083,66.19289940828402
2025-04-24 07:52:10.474000+00:00,30.35764705882353,59.188235294117646,31.981176470588235,66.17411764705882
2025-04-24 07:53:13.242000+00:00,30.361403508771932,59.175438596491226,31.98654970760234,66.15906432748538
2025-04-24 07:54:16.432000+00:00,30.365116279069767,59.16860465116279,31.99127906976744,66.1453488372093
2025-04-24 07:55:19.200000+00:00,30.36878612716763,59.15606936416185,31.995953757225436,66.1364161849711
2025-04-24 07:56:21.967000+00:00,30.372413793103448,59.14367816091954,32.0,66.12471264367817
2025-04-24 07:57:24.947000+00:00,30.376,59.13142857142857,32.004,66.11142857142858
2025-04-24 07:58:28.144000+00:00,30.379545454545454,59.11931818181818,32.007954545454545,66.10113636363636
2025-04-24 07:59:31.004000+00:00,30.38305084745763,59.10734463276836,32.012429378531074,66.090395480226
2025-04-24 08:00:34.254000+00:00,30.386516853932584,59.08988764044944,32.01629213483146,66.07471910112359
2025-04-24 08:01:37.172000+00:00,30.389944134078213,59.072625698324025,32.02011173184357,66.05698324022347
2025-04-24 08:02:39.946000+00:00,30.393333333333334,59.06111111111111,32.02388888888889,66.04333333333332
2025-04-24 08:03:43.383000+00:00,30.396685082872928,59.04419889502763,32.027071823204416,66.03149171270718
2025-04-24 08:04:46.140000+00:00,30.40054945054945,59.027472527472526,32.03021978021978,66.01703296703297
2025-04-24 08:05:49.180000+00:00,30.404371584699454,59.01639344262295,32.033879781420765,66.00163934426229
2025-04-24 08:06:51.944000+00:00,30.408152173913045,59.0,32.0375,65.98695652173913
2025-04-24 08:07:54.820000+00:00,30.41189189189189,58.98918918918919,32.04108108108108,65.97135135135136
2025-04-24 08:08:57.710000+00:00,30.415591397849465,58.973118279569896,32.04516129032258,65.96075268817205
2025-04-24 08:10:00.560000+00:00,30.418716577540106,58.95187165775401,32.04866310160428,65.94224598930482
2025-04-24 08:11:03.346000+00:00,30.4218085106383,58.930851063829785,32.05159574468085,65.925
2025-04-24 08:12:06.227000+00:00,30.424867724867728,58.91005291005291,32.05449735449736,65.90582010582011
2025-04-24 08:13:09.676000+00:00,30.427894736842106,58.88947368421053,32.05736842105263,65.88684210526316
2025-04-24 08:14:12.414000+00:00,30.430890052356023,58.86910994764398,32.06020942408377,65.86963350785341
2025-04-24 08:15:15.154000+00:00,30.434375,58.848958333333336,32.06302083333333,65.85000000000001
2025-04-24 08:16:18.025000+00:00,30.437305699481865,58.829015544041454,32.06632124352332,65.83367875647669
2025-04-24 08:17:21.008000+00:00,30.440206185567007,58.80927835051546,32.06958762886598,65.80824742268041
2025-04-24 08:18:24.256000+00:00,30.443076923076923,58.78974358974359,32.07230769230769,65.79025641025642
2025-04-24 08:19:26.992000+00:00,30.446428571428573,58.77040816326531,32.074999999999996,65.76938775510203
2025-04-24 08:20:29.837000+00:00,30.449746192893404,58.746192893401016,32.07766497461929,65.7477157360406
2025-04-24 08:21:32.807000+00:00,30.453030303030303,58.72222222222222,32.08030303030303,65.72323232323232
2025-04-24 08:22:35.594000+00:00,30.456281407035178,58.7035175879397,32.08291457286432,65.70301507537688
2025-04-24 08:23:38.574000+00:00,30.4595,58.685,32.086,65.6865
2025-04-24 08:24:41.333000+00:00,30.46318407960199,58.666666666666664,32.089054726368154,65.67064676616916
2025-04-24 08:25:44.103000+00:00,30.466336633663367,58.648514851485146,32.09257425742574,65.65396039603961
2025-04-24 08:26:46.867000+00:00,30.469950738916253,58.63054187192118,32.09556650246305,65.63349753694581
2025-04-24 08:27:49.752000+00:00,30.47352941176471,58.61274509803921,32.0985294117647,65.6142156862745
2025-04-24 08:28:53+00:00,30.477073170731707,58.59512195121951,32.101951219512195,65.59609756097561
2025-04-24 08:29:55.738000+00:00,30.480582524271846,58.577669902912625,32.10533980582524,65.58252427184466
2025-04-24 08:30:58.858000+00:00,30.48405797101449,58.56038647342995,32.108695652173914,65.56811594202898
2025-04-24 08:32:01.669000+00:00,30.48798076923077,58.54326923076923,32.112019230769235,65.55336538461539
2025-04-24 08:33:04.449000+00:00,30.491866028708134,58.526315789473685,32.11531100478469,65.5377990430622
2025-04-24 08:34:07.208000+00:00,30.493779904306223,58.52153110047847,32.119138755980856,65.53301435406698
2025-04-24 08:35:10.084000+00:00,30.495215311004785,58.516746411483254,32.12105263157895,65.52966507177034
2025-04-24 08:36:13.328000+00:00,30.496172248803827,58.51196172248804,32.12248803827751,65.52488038277512
2025-04-24 08:37:16.075000+00:00,30.497607655502392,58.50717703349282,32.1244019138756,65.52200956937799
2025-04-24 08:38:18.807000+00:00,30.499521531100477,58.50239234449761,32.126315789473686,65.51866028708133
2025-04-24 08:39:21.577000+00:00,30.500956937799042,58.49760765550239,32.12727272727273,65.5177033492823
2025-04-24 08:40:24.354000+00:00,30.502392344497608,58.49282296650718,32.12966507177034,65.51578947368421
2025-04-24 08:41:27.122000+00:00,30.504306220095696,58.49282296650718,32.132535885167464,65.51578947368421
2025-04-24 08:42:29.886000+00:00,30.5066985645933,58.48803827751196,32.13636363636363,65.51244019138755
2025-04-24 08:43:32.669000+00:00,30.51004784688995,58.47846889952153,32.14019138755981,65.50717703349282
2025-04-25 17:12:26.148000+00:00,30.3,68.0,30.8,73.5
2025-04-25 17:13:28.991000+00:00,30.3,68.5,30.8,73.5
2025-04-25 17:14:31.755000+00:00,30.3,68.33333333333333,30.8,73.46666666666667
2025-04-25 17:15:34.530000+00:00,30.3,68.25,30.775,73.425
2025-04-25 17:16:37.302000+00:00,30.3,68.2,30.76,73.44
2025-04-25 17:17:40.166000+00:00,30.28333333333333,68.33333333333333,30.733333333333334,73.46666666666667
2025-04-25 17:18:42.948000+00:00,30.271428571428572,68.42857142857143,30.714285714285715,73.48571428571428
2025-04-25 17:19:45.709000+00:00,30.275,68.5,30.7,73.5125
2025-04-25 17:20:48.483000+00:00,30.27777777777778,68.55555555555556,30.688888888888886,73.53333333333333
2025-04-25 17:21:51.264000+00:00,30.28,68.5,30.68,73.53999999999999
2025-04-25 17:22:54.040000+00:00,30.281818181818185,68.45454545454545,30.672727272727276,73.54545454545455
2025-04-25 17:23:56.796000+00:00,30.28333333333333,68.5,30.666666666666668,73.55
2025-04-25 17:24:59.587000+00:00,30.284615384615385,68.53846153846153,30.66923076923077,73.56153846153846
2025-04-25 17:26:02.454000+00:00,30.285714285714285,68.57142857142857,30.664285714285715,73.56428571428572
2025-04-25 17:27:05.238000+00:00,30.279999999999998,68.6,30.660000000000004,73.57333333333332
2025-04-25 17:28:07.993000+00:00,30.275,68.625,30.65625,73.58125
2025-04-25 17:29:10.765000+00:00,30.27058823529412,68.6470588235294,30.65294117647059,73.59411764705882
2025-04-25 17:30:13.542000+00:00,30.28888888888889,68.61111111111111,30.644444444444446,73.61666666666666
2025-04-25 17:31:16.310000+00:00,30.357894736842102,68.36842105263158,30.673684210526318,73.57894736842105
2025-04-25 17:32:19.084000+00:00,30.455000000000002,68.0,30.77,73.35
2025-04-25 17:33:21.903000+00:00,30.566666666666666,67.57142857142857,30.8952380952381,73.02857142857142
2025-04-25 17:34:24.645000+00:00,30.677272727272726,67.13636363636364,31.027272727272727,72.67727272727274
2025-04-25 17:35:27.413000+00:00,30.786956521739132,66.69565217391305,31.156521739130437,72.32608695652173
2025-04-25 17:36:30.187000+00:00,30.858333333333334,66.375,31.287499999999998,71.975
2025-04-25 17:37:32.951000+00:00,30.888,66.2,31.355999999999998,71.752
2025-04-26 07:01:43.659000+00:00,30.665384615384614,65.42307692307692,31.123076923076926,71.0923076923077
2025-04-26 07:03:06.783000+00:00,30.455555555555552,64.70370370370371,30.900000000000002,70.46666666666667
2025-04-26 07:04:09.758000+00:00,30.260714285714283,64.03571428571429,30.689285714285717,69.87857142857142
2025-04-26 07:05:12.869000+00:00,30.079310344827583,63.41379310344828,30.489655172413794,69.32758620689656
2025-04-26 07:06:15.790000+00:00,29.91,62.86666666666667,30.303333333333335,68.86
2025-04-27 03:27:32.676000+00:00,25.616666666666664,44.5,25.55,52.916666666666664
2025-04-27 03:28:36.247000+00:00,25.985714285714288,43.285714285714285,25.88571428571429,51.95714285714286
2025-04-27 03:29:39.047000+00:00,26.2375,42.375,26.1,51.1875
2025-04-27 03:30:41.863000+00:00,26.41111111111111,41.666666666666664,26.233333333333334,50.67777777777778
2025-04-27 03:31:44.997000+00:00,26.52,41.1,26.32,50.24
2025-04-27 03:32:47.881000+00:00,26.58181818181818,40.63636363636363,26.372727272727275,49.90909090909091
2025-04-27 03:33:50.751000+00:00,26.625,40.333333333333336,26.400000000000002,49.65833333333333
2025-04-27 03:34:53.622000+00:00,26.653846153846153,40.07692307692308,26.415384615384617,49.44615384615385
2025-04-27 03:35:56.404000+00:00,26.678571428571427,39.857142857142854,26.414285714285715,49.300000000000004
2025-04-27 03:36:59.416000+00:00,26.7,39.666666666666664,26.413333333333334,49.166666666666664
2025-04-27 03:38:02.355000+00:00,26.7125,39.5,26.4125,49.025
2025-04-27 03:39:05.494000+00:00,26.711764705882356,39.35294117647059,26.405882352941177,48.91764705882353
2025-04-27 03:40:08.251000+00:00,26.711111111111112,39.22222222222222,26.383333333333333,48.84444444444445
2025-04-27 03:41:10.996000+00:00,26.710526315789473,39.10526315789474,26.36842105263158,48.76842105263158
2025-04-27 03:42:14.037000+00:00,26.714999999999996,38.95,26.35,48.715
2025-04-27 03:43:17.307000+00:00,26.723809523809525,38.857142857142854,26.333333333333332,48.62857142857143
2025-04-27 03:44:20.018000+00:00,26.718181818181815,38.72727272727273,26.322727272727274,48.58181818181818
2025-04-27 03:45:23.059000+00:00,26.713043478260868,38.65217391304348,26.3,48.50869565217391
2025-04-27 03:46:25.780000+00:00,26.712500000000002,38.583333333333336,26.27916666666667,48.48333333333333
2025-04-27 03:47:29.120000+00:00,26.712,38.52,26.264,48.46
2025-04-27 03:48:32.762000+00:00,26.707692307692305,38.46153846153846,26.25,48.44615384615384
2025-04-27 03:49:36.453000+00:00,26.7,38.44444444444444,26.23333333333333,48.42962962962962
2025-04-27 03:50:39.246000+00:00,26.692857142857143,38.464285714285715,26.214285714285715,48.44642857142857
2025-04-27 03:51:42.649000+00:00,26.675862068965518,38.51724137931034,26.193103448275863,48.51379310344828
2025-04-27 03:52:45.571000+00:00,26.653333333333332,38.63333333333333,26.17,48.65
2025-04-27 03:53:48.588000+00:00,26.63225806451613,38.83870967741935,26.141935483870967,48.829032258064515
2025-04-27 03:54:51.819000+00:00,26.6125,39.125,26.1125,49.06875
2025-04-27 03:55:54.816000+00:00,26.59090909090909,39.39393939393939,26.087878787878786,49.406060606060606
2025-04-27 03:56:57.785000+00:00,26.573529411764707,39.6764705882353,26.064705882352943,49.64705882352941
2025-04-27 03:58:00.886000+00:00,26.554285714285715,39.885714285714286,26.042857142857144,49.94571428571429
2025-04-27 03:59:03.746000+00:00,26.53611111111111,40.138888888888886,26.022222222222222,50.13611111111111
2025-04-27 04:00:06.605000+00:00,26.52162162162162,40.432432432432435,26.002702702702702,50.383783783783784
2025-04-27 04:01:12.070000+00:00,26.507894736842104,40.76315789473684,25.98421052631579,50.647368421052626
2025-04-27 04:02:15.131000+00:00,26.494871794871795,41.333333333333336,25.96666666666667,50.97692307692307
2025-04-27 04:03:18.124000+00:00,26.485000000000003,41.9,25.955000000000002,51.4975
2025-04-27 04:04:20.984000+00:00,26.478048780487804,42.46341463414634,25.946341463414633,52.0
2025-04-27 04:05:23.745000+00:00,26.47142857142857,43.04761904761905,25.94047619047619,52.471428571428575
2025-04-27 04:06:26.737000+00:00,26.46511627906977,43.651162790697676,25.93720930232558,52.981395348837204
2025-04-27 04:07:29.500000+00:00,26.45909090909091,44.22727272727273,25.931818181818183,53.47727272727273
2025-04-27 04:08:32.363000+00:00,26.455555555555556,44.77777777777778,25.92888888888889,53.94888888888889
2025-04-27 04:09:35.365000+00:00,26.45434782608696,45.30434782608695,25.928260869565218,54.380434782608695
2025-04-27 04:10:38.322000+00:00,26.451063829787234,45.829787234042556,25.927659574468084,54.81276595744681
2025-04-27 04:11:41.677000+00:00,26.445833333333336,46.354166666666664,25.925,55.25625
2025-04-27 04:13:52.198000+00:00,26.442857142857143,46.87755102040816,25.924489795918365,55.69795918367347
2025-04-27 04:14:55.373000+00:00,26.44,47.38,25.924,56.118
2025-04-27 04:15:58.610000+00:00,26.437254901960785,47.86274509803921,25.923529411764704,56.523529411764706
2025-04-27 04:17:01.785000+00:00,26.432692307692307,48.32692307692308,25.923076923076923,56.909615384615385
2025-04-27 04:18:04.876000+00:00,26.428301886792454,48.77358490566038,25.920754716981133,57.286792452830184
2025-04-27 04:19:08.161000+00:00,26.424074074074074,49.2037037037037,25.918518518518518,57.65
2025-04-27 04:20:11.075000+00:00,26.421818181818182,49.63636363636363,25.918181818181818,58.01090909090909
2025-04-27 04:21:14.317000+00:00,26.419642857142858,50.035714285714285,25.917857142857144,58.375
2025-04-27 04:22:17.033000+00:00,26.417543859649122,50.43859649122807,25.919298245614037,58.71228070175439
2025-04-27 04:23:20.011000+00:00,26.41551724137931,50.810344827586206,25.91896551724138,59.02413793103448
2025-04-27 04:24:23.108000+00:00,26.4135593220339,51.13559322033898,25.91864406779661,59.320338983050846
2025-04-27 04:25:26.242000+00:00,26.41166666666667,51.43333333333333,25.918333333333333,59.58166666666667
2025-04-27 04:26:29.477000+00:00,26.40983606557377,51.68852459016394,25.918032786885245,59.7983606557377
2025-04-27 04:27:32.440000+00:00,26.40806451612903,51.88709677419355,25.91774193548387,59.98548387096774
2025-04-27 04:28:36.818000+00:00,26.406349206349205,52.03174603174603,25.917460317460318,60.141269841269846
2025-04-27 04:29:40.638000+00:00,26.4046875,52.15625,25.9171875,60.265625
2025-04-27 04:30:43.891000+00:00,26.403076923076924,52.276923076923076,25.916923076923077,60.364615384615384
2025-04-27 04:31:47.242000+00:00,26.401515151515152,52.39393939393939,25.916666666666668,60.47272727272727
2025-04-27 04:32:50.535000+00:00,26.4,52.56716417910448,25.914925373134327,60.58507462686567
2025-04-27 04:33:53.288000+00:00,26.398529411764706,52.75,25.91176470588235,60.752941176470586
2025-04-27 04:34:56.450000+00:00,26.397101449275365,52.91304347826087,25.91014492753623,60.90869565217391
2025-04-27 04:35:59.522000+00:00,26.397142857142857,53.114285714285714,25.908571428571427,61.06428571428572
2025-04-27 04:37:02.652000+00:00,26.395774647887322,53.32394366197183,25.908450704225352,61.24647887323944
2025-04-27 04:38:05.482000+00:00,26.394444444444446,53.55555555555556,25.906944444444445,61.43472222222223
2025-04-27 04:39:08.353000+00:00,26.39315068493151,53.76712328767123,25.90547945205479,61.628767123287666
2025-04-27 04:40:11.290000+00:00,26.39189189189189,53.945945945945944,25.904054054054054,61.79594594594594
2025-04-27 04:41:14.562000+00:00,26.392,54.12,25.904,61.94266666666667
2025-04-27 04:42:17.749000+00:00,26.392105263157895,54.276315789473685,25.903947368421054,62.09736842105263
2025-04-27 04:43:20.936000+00:00,26.392207792207792,54.41558441558441,25.903896103896102,62.23376623376623
2025-04-27 04:44:24.121000+00:00,26.392307692307693,54.55128205128205,25.903846153846153,62.35128205128205
2025-04-27 04:45:26.926000+00:00,26.39367088607595,54.68354430379747,25.90379746835443,62.47215189873418
2025-04-27 04:46:30.012000+00:00,26.39375,54.7875,25.903750000000002,62.589999999999996
2025-04-27 04:47:33.446000+00:00,26.393827160493828,54.876543209876544,25.9037037037037,62.67407407407408
2025-04-27 04:48:36.381000+00:00,26.39390243902439,54.9390243902439,25.903658536585365,62.74268292682926
2025-04-27 04:49:39.731000+00:00,26.392771084337348,55.0,25.903614457831324,62.79638554216868
2025-04-27 04:50:42.465000+00:00,26.39166666666667,55.05952380952381,25.90357142857143,62.849999999999994
2025-04-27 04:51:45.764000+00:00,26.391764705882355,55.11764705882353,25.902352941176467,62.91294117647059
2025-04-27 04:52:48.743000+00:00,26.391860465116277,55.19767441860465,25.901162790697676,62.96976744186046
2025-04-27 04:56:06.598000+00:00,26.39080459770115,55.298850574712645,25.900000000000002,63.056321839080454
2025-04-27 04:57:10.242000+00:00,26.389772727272728,55.38636363636363,25.898863636363636,63.152272727272724
2025-04-27 04:58:13.085000+00:00,26.389887640449437,55.46067415730337,25.897752808988766,63.23370786516854
2025-04-27 04:59:15.891000+00:00,26.39,55.522222222222226,25.89777777777778,63.31555555555555
2025-04-27 05:00:18.771000+00:00,26.39010989010989,55.57142857142857,25.897802197802196,63.36703296703296
2025-04-27 05:01:21.809000+00:00,26.39021739130435,55.630434782608695,25.89782608695652,63.42934782608695
2025-04-27 05:02:24.594000+00:00,26.39032258064516,55.67741935483871,25.897849462365592,63.48172043010753
2025-04-27 05:03:27.362000+00:00,26.390425531914893,55.702127659574465,25.897872340425533,63.52127659574468
2025-04-27 05:04:30.143000+00:00,26.390526315789472,55.71578947368421,25.897894736842108,63.54421052631579
2025-04-27 05:05:32.906000+00:00,26.391666666666666,55.71875,25.897916666666664,63.557291666666664
2025-04-27 05:06:35.788000+00:00,26.39278350515464,55.71134020618557,25.898969072164945,63.56082474226804
2025-04-27 05:07:38.557000+00:00,26.393877551020406,55.704081632653065,25.9,63.563265306122446
2025-04-27 05:08:41.372000+00:00,26.394949494949493,55.696969696969695,25.901010101010097,63.551515151515154
2025-04-27 05:09:44.121000+00:00,26.396,55.68,25.901999999999997,63.55
2025-04-27 05:10:46.879000+00:00,26.397029702970297,55.65346534653465,25.9019801980198,63.53168316831683
2025-04-27 05:11:49.645000+00:00,26.398039215686275,55.63725490196079,25.901960784313726,63.51470588235294
2025-04-27 05:12:52.432000+00:00,26.39902912621359,55.66990291262136,25.901941747572817,63.50485436893204
2025-04-27 05:13:55.318000+00:00,26.398076923076925,55.72115384615385,25.900961538461537,63.549038461538466
2025-04-27 05:14:58.294000+00:00,26.397142857142857,55.76190476190476,25.89904761904762,63.60285714285715
2025-04-27 05:16:01.154000+00:00,26.39622641509434,55.801886792452834,25.897169811320754,63.636792452830186
2025-04-27 05:17:04.053000+00:00,26.39626168224299,55.8411214953271,25.89532710280374,63.68130841121495
2025-04-27 05:18:06.800000+00:00,26.3962962962963,55.888888888888886,25.894444444444442,63.714814814814815
2025-04-27 05:19:09.687000+00:00,26.396330275229356,55.92660550458716,25.893577981651376,63.76238532110092
2025-04-27 05:20:12.707000+00:00,26.396363636363635,55.981818181818184,25.89272727272727,63.79909090909091
2025-04-27 05:21:15.530000+00:00,26.396396396396398,56.04504504504504,25.89189189189189,63.857657657657654
2025-04-27 05:22:18.411000+00:00,26.396428571428572,56.107142857142854,25.89017857142857,63.91517857142857
2025-04-27 05:23:21.172000+00:00,26.39646017699115,56.16814159292036,25.88938053097345,63.97256637168141
2025-04-27 05:24:23.960000+00:00,26.397368421052633,56.21052631578947,25.88859649122807,64.02894736842106
2025-04-27 05:25:26.724000+00:00,26.39826086956522,56.243478260869566,25.88869565217391,64.06521739130434
2025-04-27 05:26:29.487000+00:00,26.400000000000002,56.275862068965516,25.888793103448275,64.10775862068965
2025-04-27 05:27:32.270000+00:00,26.4017094017094,56.30769230769231,25.88974358974359,64.13931623931624
2025-04-27 05:28:35.036000+00:00,26.403389830508473,56.347457627118644,25.890677966101695,64.16949152542372
2025-04-27 05:29:37.812000+00:00,26.405882352941177,56.378151260504204,25.89159663865546,64.20840336134454
2025-04-27 05:30:40.577000+00:00,26.408333333333335,56.416666666666664,25.89333333333333,64.2375
2025-04-27 05:31:43.524000+00:00,26.41074380165289,56.43801652892562,25.89504132231405,64.27520661157025
2025-04-27 05:32:46.287000+00:00,26.413114754098363,56.450819672131146,25.897540983606557,64.29262295081968
2025-04-27 05:33:49.026000+00:00,26.415447154471543,56.45528455284553,25.899186991869918,64.3040650406504
2025-04-27 05:34:51.992000+00:00,26.41774193548387,56.46774193548387,25.9008064516129,64.31451612903226
2025-04-27 05:35:54.813000+00:00,26.4192,56.472,25.9024,64.3264
2025-04-27 05:36:57.557000+00:00,26.42063492063492,56.476190476190474,25.903174603174605,64.33492063492064
2025-04-27 05:38:00.397000+00:00,26.422047244094486,56.48031496062992,25.90472440944882,64.34330708661417
2025-04-27 05:39:03.314000+00:00,26.42421875,56.4765625,25.90625,64.3546875
2025-04-27 05:40:06.425000+00:00,26.426356589147286,56.46511627906977,25.907751937984496,64.34651162790698
2025-04-27 05:41:09.204000+00:00,26.428461538461537,56.46153846153846,25.909230769230767,64.34076923076923
2025-04-27 05:42:12.061000+00:00,26.430534351145038,56.458015267175576,25.910687022900763,64.33969465648855
2025-04-27 05:43:14.802000+00:00,26.431818181818183,56.446969696969695,25.912121212121214,64.33863636363637
2025-04-27 05:44:17.752000+00:00,26.433082706766918,56.45112781954887,25.91278195488722,64.33533834586467
2025-04-27 05:45:20.824000+00:00,26.434328358208955,56.45522388059702,25.913432835820895,64.34179104477612
2025-04-27 05:46:23.600000+00:00,26.435555555555556,56.45925925925926,25.914814814814815,64.3474074074074
2025-04-27 05:47:26.362000+00:00,26.436764705882354,56.470588235294116,25.916176470588233,64.36029411764706
2025-04-27 05:48:29.160000+00:00,26.437956204379564,56.481751824817515,25.91751824817518,64.37883211678832
2025-04-27 05:49:31.916000+00:00,26.43913043478261,56.492753623188406,25.918840579710146,64.38695652173912
2025-04-27 05:50:34.680000+00:00,26.44028776978417,56.50359712230216,25.919424460431657,64.39424460431654
2025-04-27 05:51:37.471000+00:00,26.44214285714286,56.50714285714286,25.920714285714286,64.41214285714287
2025-04-27 05:52:40.267000+00:00,26.443971631205674,56.50354609929078,25.921985815602838,64.41560283687943
2025-04-27 05:53:43.282000+00:00,26.44647887323944,56.49295774647887,25.92394366197183,64.41478873239437
2025-04-27 05:54:46.167000+00:00,26.44895104895105,56.47552447552447,25.926573426573427,64.4013986013986
2025-04-27 05:55:48.903000+00:00,26.45138888888889,56.451388888888886,25.929166666666667,64.38402777777777
2025-04-27 05:56:51.810000+00:00,26.453793103448277,56.43448275862069,25.931724137931035,64.3648275862069
2025-04-27 05:57:54.606000+00:00,26.456164383561642,56.41095890410959,25.933561643835617,64.35136986301369
2025-04-27 05:58:57.400000+00:00,26.458503401360545,56.38775510204081,25.936054421768706,64.3312925170068
2025-04-27 06:00:00.466000+00:00,26.46081081081081,56.358108108108105,25.938513513513513,64.30810810810812
2025-04-27 06:01:03.233000+00:00,26.462416107382552,56.32214765100671,25.940939597315435,64.28187919463087
2025-04-27 06:02:06.002000+00:00,26.464,56.28666666666667,25.942666666666668,64.252
2025-04-27 06:03:11.716000+00:00,26.465562913907284,56.25165562913907,25.94437086092715,64.2225165562914
2025-04-27 06:04:14.700000+00:00,26.466447368421054,56.2171052631579,25.946052631578947,64.19144736842105
2025-04-27 06:05:17.602000+00:00,26.46797385620915,56.1764705882353,25.947712418300654,64.159477124183
2025-04-27 06:06:20.486000+00:00,26.46948051948052,56.12987012987013,25.94935064935065,64.12662337662337
2025-04-27 06:07:23.262000+00:00,26.47032258064516,56.090322580645164,25.950322580645164,64.08709677419355
2025-04-27 06:08:26.014000+00:00,26.471153846153847,56.044871794871796,25.951282051282053,64.05064102564103
2025-04-27 06:09:28.780000+00:00,26.471974522292996,56.01273885350319,25.952229299363058,64.01464968152865
2025-04-27 06:10:31.590000+00:00,26.47278481012658,55.99367088607595,25.95379746835443,63.98987341772152
2025-04-27 06:11:34.511000+00:00,26.474213836477986,55.9811320754717,25.955345911949685,63.97672955974842
2025-04-27 06:12:37.315000+00:00,26.475625,55.975,25.9575,63.966875
2025-04-27 06:13:40.094000+00:00,26.477018633540375,55.96894409937888,25.959627329192546,63.964596273291924
2025-04-27 06:14:43.170000+00:00,26.478395061728396,55.97530864197531,25.96172839506173,63.96543209876543
2025-04-27 06:15:46.067000+00:00,26.479754601226993,55.97546012269939,25.9638036809816,63.973006134969324
2025-04-27 06:16:48.810000+00:00,26.48170731707317,55.97560975609756,25.965853658536584,63.97256097560975
2025-04-27 06:17:51.598000+00:00,26.483636363636364,55.981818181818184,25.96848484848485,63.97757575757576
2025-04-27 06:18:54.582000+00:00,26.4855421686747,55.993975903614455,25.971084337349396,63.98855421686747
2025-04-27 06:19:57.422000+00:00,26.48682634730539,56.0,25.97365269461078,64.00059880239522
2025-04-27 06:21:00.386000+00:00,26.488095238095237,56.0,25.976190476190474,64.00833333333333
2025-04-27 06:22:03.135000+00:00,26.489349112426034,56.005917159763314,25.97810650887574,64.01065088757396
2025-04-27 06:23:05.876000+00:00,26.490588235294116,56.01176470588236,25.98,64.02
2025-04-27 06:24:08.763000+00:00,26.491812865497078,56.01169590643275,25.981871345029237,64.0251461988304
2025-04-27 06:25:11.621000+00:00,26.493023255813956,56.01744186046512,25.983720930232558,64.02674418604651
2025-04-27 06:26:14.479000+00:00,26.49421965317919,56.02312138728324,25.985549132947977,64.03063583815029
2025-04-27 06:27:17.279000+00:00,26.495402298850575,56.02873563218391,25.987931034482756,64.03735632183908
2025-04-27 06:28:20.133000+00:00,26.497142857142858,56.034285714285716,25.990285714285715,64.03942857142857
2025-04-27 06:29:22.950000+00:00,26.498863636363637,56.03977272727273,25.992613636363636,64.04829545454545
2025-04-27 06:30:26.007000+00:00,26.501129943502825,56.03954802259887,25.99491525423729,64.05536723163841
2025-04-27 06:31:28.769000+00:00,26.503370786516857,56.050561797752806,25.997191011235955,64.05561797752809
2025-04-27 06:32:31.527000+00:00,26.50558659217877,56.055865921787706,25.99944134078212,64.06703910614524
2025-04-27 06:33:34.350000+00:00,26.508333333333333,56.06111111111111,26.00222222222222,64.07388888888889
2025-04-27 06:34:37.347000+00:00,26.511049723756905,56.06629834254144,26.004972375690606,64.07845303867404
2025-04-27 06:35:40.363000+00:00,26.513736263736263,56.06043956043956,26.007692307692306,64.08186813186813
2025-04-27 06:36:43.252000+00:00,26.51584699453552,56.049180327868854,26.009836065573772,64.07704918032788
2025-04-27 06:37:46.396000+00:00,26.517391304347825,56.03260869565217,26.011413043478264,64.06521739130434
2025-04-27 06:38:49.219000+00:00,26.518378378378376,56.01081081081081,26.01297297297297,64.05027027027026
2025-04-27 06:39:52.056000+00:00,26.51935483870968,55.98924731182796,26.013978494623657,64.03172043010753
2025-04-27 06:40:54.831000+00:00,26.519786096256684,55.967914438502675,26.014438502673794,64.01229946524064
2025-04-27 06:41:57.606000+00:00,26.520744680851063,55.9468085106383,26.01489361702128,63.99734042553192
2025-04-27 06:43:00.515000+00:00,26.521164021164022,55.92063492063492,26.015343915343912,63.978306878306874
2025-04-27 06:44:03.237000+00:00,26.521578947368422,55.9,26.015263157894736,63.95842105263158
2025-04-27 06:45:06.020000+00:00,26.52198952879581,55.87434554973822,26.015183246073295,63.94240837696335
2025-04-27 06:46:09.304000+00:00,26.521874999999998,55.838541666666664,26.015104166666664,63.9203125
2025-04-27 06:47:12.074000+00:00,26.522279792746115,55.80829015544042,26.01502590673575,63.89119170984456
2025-04-27 06:48:14.888000+00:00,26.52268041237113,55.77835051546392,26.014948453608245,63.866494845360826
2025-04-27 06:49:17.842000+00:00,26.5225641025641,55.743589743589745,26.015384615384615,63.84461538461539
2025-04-27 06:50:20.696000+00:00,26.522448979591836,55.704081632653065,26.01530612244898,63.81683673469388
2025-04-27 06:51:23.469000+00:00,26.52233502538071,55.67005076142132,26.014720812182738,63.78426395939086
2025-04-27 06:52:26.249000+00:00,26.522222222222222,55.64141414141414,26.014141414141417,63.75454545454545
2025-04-27 06:53:29.033000+00:00,26.522110552763817,55.61306532663317,26.01356783919598,63.731658291457286
2025-04-27 06:54:31.787000+00:00,26.522,55.585,26.0135,63.708999999999996
2025-04-27 06:55:34.574000+00:00,26.52139303482587,55.55721393034826,26.012935323383086,63.688059701492534
2025-04-27 06:56:37.338000+00:00,26.52079207920792,55.524752475247524,26.012376237623762,63.66386138613861
2025-04-27 06:57:40.124000+00:00,26.520197044334978,55.48768472906404,26.01182266009852,63.63743842364532
2025-04-27 06:58:43.124000+00:00,26.51911764705882,55.455882352941174,26.011274509803922,63.606862745098034
2025-04-27 06:59:45.857000+00:00,26.518048780487803,55.41951219512195,26.01073170731707,63.57951219512195
2025-04-27 07:00:48.639000+00:00,26.517475728155343,55.383495145631066,26.010194174757284,63.5490291262136
2025-04-27 07:01:51.309000+00:00,26.523300970873784,55.398058252427184,26.0126213592233,63.5626213592233
2025-04-27 07:02:00.102000+00:00,26.52222222222222,55.367149758454104,26.01207729468599,63.53671497584541
2025-04-27 07:02:08.890000+00:00,26.521153846153844,55.33653846153846,26.01153846153846,63.51105769230769
2025-04-27 07:02:17.679000+00:00,26.520095693779904,55.30622009569378,26.011004784688996,63.485645933014354
2025-04-27 07:02:26.419000+00:00,26.51904761904762,55.27619047619048,26.01047619047619,63.46142857142857
2025-04-27 07:02:35.209000+00:00,26.518009478672983,55.25118483412322,26.01042654028436,63.438862559241706
2025-04-27 07:02:44.037000+00:00,26.51698113207547,55.22641509433962,26.009905660377356,63.42169811320755
2025-04-27 07:02:52.840000+00:00,26.515962441314553,55.201877934272304,26.009389671361504,63.4018779342723
2025-04-27 07:03:01.630000+00:00,26.51542056074766,55.177570093457945,26.009345794392523,63.38317757009346
2025-04-27 07:03:10.433000+00:00,26.521962616822428,55.19626168224299,26.01355140186916,63.40747663551402
2025-04-27 07:03:19.162000+00:00,26.521395348837206,55.17209302325581,26.013488372093025,63.38837209302326
2025-04-27 07:03:27.943000+00:00,26.520833333333332,55.148148148148145,26.01342592592593,63.37268518518518
2025-04-27 07:03:36.752000+00:00,26.52027649769585,55.12903225806452,26.01336405529954,63.35760368663595
2025-04-27 07:03:45.698000+00:00,26.5197247706422,55.11009174311926,26.013761467889907,63.341743119266056
2025-04-27 07:03:54.836000+00:00,26.51917808219178,55.09132420091324,26.013698630136986,63.32602739726028
2025-04-27 07:04:03.795000+00:00,26.51863636363636,55.07727272727273,26.013636363636362,63.31181818181818
2025-04-27 07:04:12.565000+00:00,26.525,55.10454545454545,26.01818181818182,63.344090909090916
2025-04-27 07:04:21.401000+00:00,26.52443438914027,55.09049773755656,26.018552036199097,63.335746606334844
2025-04-27 07:04:30.211000+00:00,26.52387387387387,55.07657657657658,26.01891891891892,63.32747747747748
2025-04-27 07:04:39.026000+00:00,26.523766816143496,55.06726457399103,26.019282511210765,63.32062780269058
2025-04-27 07:04:47.829000+00:00,26.52366071428571,55.058035714285715,26.01964285714286,63.315625000000004
2025-04-27 07:04:56.621000+00:00,26.523555555555554,55.053333333333335,26.02,63.31288888888889
2025-04-27 07:05:05.422000+00:00,26.523451327433627,55.04867256637168,26.020353982300886,63.30929203539824
2025-04-27 07:05:14.291000+00:00,26.530088495575217,55.084070796460175,26.02566371681416,63.349557522123895
2025-04-27 07:05:23.156000+00:00,26.52995594713656,55.07929515418502,26.025991189427312,63.35066079295154
2025-04-27 07:05:31.970000+00:00,26.529824561403505,55.078947368421055,26.026315789473685,63.35043859649122
2025-04-27 07:05:40.751000+00:00,26.529694323144103,55.07860262008734,26.02663755458515,63.35065502183406
2025-04-27 07:05:49.587000+00:00,26.5295652173913,55.07826086956522,26.02695652173913,63.35217391304348
2025-04-27 07:05:58.369000+00:00,26.529437229437228,55.077922077922075,26.027272727272727,63.35367965367965
2025-04-27 07:06:07.193000+00:00,26.529310344827582,55.077586206896555,26.02801724137931,63.356034482758616
2025-04-27 07:06:16.090000+00:00,26.535775862068963,55.11206896551724,26.033620689655173,63.394396551724135
2025-04-27 07:06:24.991000+00:00,26.535622317596562,55.11158798283262,26.034334763948497,63.396995708154506
2025-04-27 07:06:33.800000+00:00,26.53547008547008,55.111111111111114,26.035042735042733,63.398717948717945
2025-04-27 07:06:42.609000+00:00,26.535319148936168,55.11063829787234,26.035744680851067,63.40085106382979
2025-04-27 07:06:51.371000+00:00,26.53516949152542,55.110169491525426,26.0364406779661,63.40338983050848
2025-04-27 07:07:00.136000+00:00,26.53502109704641,55.11392405063291,26.037130801687763,63.406329113924045
2025-04-27 07:07:08.924000+00:00,26.53487394957983,55.11764705882353,26.037815126050422,63.40966386554622
2025-04-27 07:07:17.738000+00:00,26.53514644351464,55.12133891213389,26.03849372384937,63.41338912133891
2025-04-27 07:07:26.531000+00:00,26.535416666666666,55.125,26.03916666666667,63.417500000000004
2025-04-27 07:07:35.422000+00:00,26.5356846473029,55.128630705394194,26.039834024896265,63.42365145228216
2025-04-27 07:07:44.360000+00:00,26.53595041322314,55.13636363636363,26.040495867768595,63.429752066115704
2025-04-27 07:07:53.159000+00:00,26.536213991769543,55.1440329218107,26.041563786008233,63.43868312757202
2025-04-27 07:08:02.078000+00:00,26.536475409836065,55.15163934426229,26.042622950819673,63.4483606557377
2025-04-27 07:08:10.834000+00:00,26.536734693877552,55.16326530612245,26.043673469387755,63.459591836734695
2025-04-27 07:08:19.597000+00:00,26.536991869918698,55.17479674796748,26.04471544715447,63.47032520325204
2025-04-27 07:08:28.378000+00:00,26.537651821862344,55.18623481781376,26.045748987854253,63.48218623481782
2025-04-27 07:08:37.192000+00:00,26.538306451612904,55.19758064516129,26.046774193548387,63.49516129032258
2025-04-27 07:08:45.999000+00:00,26.538955823293172,55.21285140562249,26.047791164658637,63.50843373493976
2025-04-27 07:08:54.829000+00:00,26.5396,55.228,26.0492,63.523199999999996
2025-04-27 07:09:03.613000+00:00,26.5402390438247,55.243027888446214,26.050597609561752,63.539043824701196
2025-04-27 07:09:12.420000+00:00,26.540873015873014,55.257936507936506,26.051984126984127,63.55357142857143
2025-04-27 07:09:21.438000+00:00,26.541501976284586,55.27272727272727,26.053359683794465,63.56679841897233
2025-04-27 07:09:30.443000+00:00,26.542125984251967,55.28740157480315,26.05472440944882,63.57874015748032
2025-04-27 07:09:39.197000+00:00,26.542745098039216,55.30196078431373,26.05607843137255,63.591764705882355
2025-04-27 07:09:47.961000+00:00,26.543359374999998,55.31640625,26.057421875,63.605078125
2025-04-27 07:09:56.897000+00:00,26.544357976653696,55.3307392996109,26.05875486381323,63.619066147859925
2025-04-27 07:10:05.723000+00:00,26.545348837209303,55.348837209302324,26.060077519379846,63.63333333333334
2025-04-27 07:10:14.788000+00:00,26.546332046332047,55.366795366795365,26.061389961389963,63.648648648648646
2025-04-27 07:10:23.628000+00:00,26.54730769230769,55.38461538461539,26.06269230769231,63.66307692307693
2025-04-27 07:10:34.815000+00:00,26.548275862068962,55.40229885057471,26.0639846743295,63.67739463601532
2025-04-27 07:10:43.598000+00:00,26.549236641221373,55.41984732824427,26.06526717557252,63.69160305343512
2025-04-27 07:10:52.373000+00:00,26.55019011406844,55.43726235741445,26.066539923954373,63.707604562737636
2025-04-27 07:11:01.229000+00:00,26.551136363636363,55.45454545454545,26.067803030303033,63.72386363636363
2025-04-27 07:11:09.988000+00:00,26.55207547169811,55.471698113207545,26.069056603773586,63.7388679245283
2025-04-27 07:11:18.809000+00:00,26.553007518796992,55.48872180451128,26.070676691729325,63.75375939849624
2025-04-27 07:11:27.582000+00:00,26.55393258426966,55.50936329588015,26.07191011235955,63.77265917602996
2025-04-27 07:11:36.500000+00:00,26.555223880597012,55.52985074626866,26.073507462686567,63.79328358208954
2025-04-27 07:11:45.305000+00:00,26.556505576208178,55.55018587360595,26.075092936802974,63.81338289962825
2025-04-27 07:11:54.040000+00:00,26.557777777777776,55.57037037037037,26.076666666666664,63.8337037037037
2025-04-27 07:12:02.833000+00:00,26.559040590405903,55.59040590405904,26.078228782287823,63.851660516605165
2025-04-27 07:12:11.622000+00:00,26.560294117647057,55.61029411764706,26.079779411764704,63.86764705882353
2025-04-27 07:12:20.522000+00:00,26.561538461538458,55.63003663003663,26.08131868131868,63.88278388278388
2025-04-27 07:12:29.258000+00:00,26.562773722627735,55.64963503649635,26.082846715328465,63.89744525547446
2025-04-27 07:12:38.160000+00:00,26.563999999999997,55.66909090909091,26.084727272727275,63.912363636363644
2025-04-27 07:12:46.961000+00:00,26.565217391304348,55.68840579710145,26.086231884057973,63.927898550724635
2025-04-27 07:12:55.774000+00:00,26.56642599277978,55.707581227436826,26.08808664259928,63.94404332129964
2025-04-27 07:23:50.350000+00:00,26.568345323741006,55.75539568345324,26.09136690647482,63.98057553956834
2025-04-27 07:23:59.239000+00:00,26.570609318996414,55.80286738351254,26.094265232974912,64.01684587813621
2025-04-27 07:24:08.014000+00:00,26.572857142857142,55.85,26.0975,64.05214285714285
2025-04-27 07:24:16.939000+00:00,26.575088967971528,55.89679715302491,26.100711743772244,64.08718861209964
2025-04-27 07:25:36.162000+00:00,26.577304964539003,55.94326241134752,26.103900709219857,64.12198581560284
2025-04-27 07:26:36.452000+00:00,26.579505300353357,55.985865724381625,26.10706713780919,64.15547703180212
2025-04-27 07:27:36.511000+00:00,26.582042253521124,56.024647887323944,26.109859154929577,64.18591549295775
2025-04-27 07:28:22.131000+00:00,26.58421052631579,56.059649122807016,26.11298245614035,64.21368421052632
2025-04-27 07:28:32.377000+00:00,26.586713286713284,56.09440559440559,26.115734265734268,64.24195804195804
2025-04-27 07:28:43.471000+00:00,26.589198606271776,56.12891986062718,26.118815331010452,64.27003484320558
2025-04-27 07:28:53.791000+00:00,26.591666666666665,56.16319444444444,26.121875000000003,64.296875
2025-04-27 07:29:04.810000+00:00,26.594117647058823,56.19723183391003,26.12491349480969,64.32318339100347
2025-04-27 07:29:15.099000+00:00,26.59655172413793,56.23103448275862,26.12793103448276,64.34862068965516
2025-04-27 07:29:25.989000+00:00,26.598969072164945,56.264604810996566,26.130927835051548,64.37422680412372
2025-04-27 07:29:36.280000+00:00,26.601369863013698,56.29794520547945,26.133904109589043,64.40034246575343
2025-04-27 07:29:48.338000+00:00,26.603754266211602,56.33105802047782,26.136860068259388,64.42627986348123
2025-04-27 07:29:58.603000+00:00,26.60612244897959,56.363945578231295,26.140136054421767,64.45136054421769
2025-04-27 07:30:09.396000+00:00,26.608474576271185,56.396610169491524,26.143050847457626,64.47627118644068
2025-04-27 07:30:19.704000+00:00,26.610810810810808,56.429054054054056,26.146283783783783,64.50135135135136
2025-04-27 07:30:30.692000+00:00,26.613131313131312,56.46127946127946,26.14949494949495,64.52693602693603
2025-04-27 07:30:41.171000+00:00,26.615436241610738,56.493288590604024,26.15268456375839,64.5506711409396
2025-04-27 07:30:52.705000+00:00,26.61772575250836,56.52173913043478,26.15551839464883,64.57458193979933
2025-04-27 07:31:03.029000+00:00,26.62,56.55,26.158333333333335,64.59766666666667
2025-04-27 07:31:13.899000+00:00,26.622259136212623,56.57807308970099,26.16112956810631,64.62059800664451
2025-04-27 07:31:24.208000+00:00,26.624503311258277,56.60596026490066,26.16390728476821,64.64205298013246
2025-04-27 07:31:35.104000+00:00,26.626732673267327,56.633663366336634,26.166666666666668,64.66303630363036
2025-04-27 07:31:45.437000+00:00,26.628947368421052,56.661184210526315,26.169407894736842,64.6842105263158
2025-04-27 07:31:56.506000+00:00,26.631147540983605,56.68852459016394,26.172131147540984,64.70491803278688
2025-04-27 07:32:06.744000+00:00,26.63333333333333,56.71568627450981,26.174836601307188,64.72483660130719
2025-04-27 07:32:17.617000+00:00,26.635504885993484,56.74267100977199,26.177524429967427,64.74462540716613
2025-04-27 07:32:28.182000+00:00,26.637662337662338,56.76948051948052,26.180194805194805,64.76525974025974
2025-04-27 07:32:39.038000+00:00,26.639805825242714,56.79611650485437,26.18284789644013,64.78511326860841
2025-04-27 07:32:52.458000+00:00,26.641935483870967,56.82258064516129,26.18548387096774,64.80451612903227
2025-04-27 07:33:03.302000+00:00,26.644051446945337,56.848874598070736,26.188102893890676,64.82443729903538
2025-04-27 07:33:13.727000+00:00,26.646153846153847,56.875,26.190705128205128,64.84487179487179
2025-04-27 07:33:24.603000+00:00,26.648242811501596,56.90095846645367,26.19329073482428,64.86517571884984
2025-04-27 07:33:34.955000+00:00,26.650318471337577,56.92356687898089,26.195859872611464,64.88407643312101
2025-04-27 07:33:45.777000+00:00,26.652380952380952,56.94603174603174,26.1984126984127,64.90063492063493
2025-04-27 07:33:56.080000+00:00,26.654430379746834,56.96835443037975,26.200949367088608,64.91677215189874
2025-04-27 07:34:06.980000+00:00,26.65646687697161,56.99053627760252,26.20347003154574,64.93312302839117
2025-04-27 07:34:17.289000+00:00,26.658490566037734,57.0125786163522,26.205974842767297,64.95031446540881
2025-04-27 07:34:28.391000+00:00,26.660501567398114,57.03448275862069,26.20846394984326,64.96677115987461
2025-04-27 07:34:38.964000+00:00,26.6625,57.05625,26.2109375,64.983125
2025-04-27 07:34:50.340000+00:00,26.66448598130841,57.07788161993769,26.213707165109035,64.99906542056075
2025-04-27 07:35:00.672000+00:00,26.666459627329193,57.10248447204969,26.21614906832298,65.01770186335403
2025-04-27 07:35:11.608000+00:00,26.66842105263158,57.126934984520126,26.21857585139319,65.03869969040248
2025-04-27 07:35:21.922000+00:00,26.670370370370367,57.151234567901234,26.22098765432099,65.05833333333334
2025-04-27 07:35:32.678000+00:00,26.672307692307694,57.175384615384615,26.223076923076924,65.07692307692308
2025-04-27 07:35:43.025000+00:00,26.673926380368094,57.19938650306749,26.225460122699385,65.09509202453988
2025-04-27 07:35:53.999000+00:00,26.67553516819572,57.223241590214066,26.227522935779817,65.11376146788992
2025-04-27 07:36:04.296000+00:00,26.677134146341466,57.25,26.229573170731705,65.13414634146342
2025-04-27 07:36:15.841000+00:00,26.678723404255315,57.276595744680854,26.231610942249244,65.15744680851064
2025-04-27 07:36:26.154000+00:00,26.68030303030303,57.306060606060605,26.233636363636364,65.1821212121212
2025-04-27 07:36:37.228000+00:00,26.6821752265861,57.33534743202417,26.235649546827794,65.20755287009064
2025-04-27 07:36:47.589000+00:00,26.684036144578315,57.3644578313253,26.237951807228917,65.2328313253012
2025-04-27 07:36:58.512000+00:00,26.685885885885885,57.393393393393396,26.239939939939937,65.25645645645646
2025-04-27 07:37:08.842000+00:00,26.6877245508982,57.42215568862275,26.242215568862274,65.27904191616767
2025-04-27 07:37:19.715000+00:00,26.68955223880597,57.450746268656715,26.244477611940297,65.30119402985075
2025-04-27 07:37:29.991000+00:00,26.691369047619045,57.482142857142854,26.24642857142857,65.32410714285714
2025-04-27 07:37:40.880000+00:00,26.693175074183976,57.510385756676556,26.248664688427297,65.34836795252225
2025-04-27 07:37:51.200000+00:00,26.694970414201183,57.5414201183432,26.250887573964494,65.37159763313609
2025-04-27 07:38:02.172000+00:00,26.696755162241885,57.57227138643068,26.25309734513274,65.39646017699116
2025-04-27 07:38:12.524000+00:00,26.698529411764707,57.60294117647059,26.255294117647058,65.42058823529412
2025-04-27 07:38:23.379000+00:00,26.699999999999996,57.63343108504399,26.25718475073314,65.44457478005864
2025-04-27 07:38:33.688000+00:00,26.701461988304093,57.66374269005848,26.25906432748538,65.46842105263158
2025-04-27 07:38:44.680000+00:00,26.702915451895045,57.69387755102041,26.260932944606413,65.49271137026238
2025-04-27 07:38:55.019000+00:00,26.704360465116277,57.723837209302324,26.26279069767442,65.51686046511628
2025-04-27 07:39:08.998000+00:00,26.705797101449274,57.756521739130434,26.264637681159417,65.54086956521739
2025-04-27 07:39:19.538000+00:00,26.70722543352601,57.78901734104046,26.26647398843931,65.56618497109827
2025-04-27 07:39:30.370000+00:00,26.70893371757925,57.821325648414984,26.268587896253603,65.59164265129682
2025-04-27 07:39:40.649000+00:00,26.710632183908043,57.85344827586207,26.270689655172415,65.61752873563219
2025-04-27 07:40:11.320000+00:00,26.712320916905444,57.88825214899713,26.27277936962751,65.64441260744987
2025-04-27 07:40:22.380000+00:00,26.714,57.92285714285714,26.274857142857144,65.67057142857144
2025-04-27 07:40:34.802000+00:00,26.715669515669514,57.957264957264954,26.27692307692308,65.6980056980057
2025-04-27 07:40:45.285000+00:00,26.717329545454547,57.99147727272727,26.278977272727275,65.7247159090909
2025-04-27 07:41:25.673000+00:00,26.71898016997167,58.02549575070822,26.28101983002833,65.75127478753541
2025-04-27 07:41:35.973000+00:00,26.720621468926556,58.059322033898304,26.28305084745763,65.7774011299435
2025-04-27 07:41:46.921000+00:00,26.72225352112676,58.092957746478874,26.285070422535213,65.80281690140845
2025-04-27 07:41:57.237000+00:00,26.72387640449438,58.12640449438202,26.287078651685395,65.82724719101124
2025-04-27 07:42:08.490000+00:00,26.725490196078432,58.15966386554622,26.289075630252103,65.85266106442577
2025-04-27 07:42:19.218000+00:00,26.727094972067036,58.1927374301676,26.29106145251397,65.87709497206704
2025-04-27 07:42:30.141000+00:00,26.728690807799445,58.22562674094708,26.293036211699167,65.9016713091922
2025-04-27 07:42:40.681000+00:00,26.730277777777776,58.25833333333333,26.295,65.9263888888889
2025-04-27 07:42:51.739000+00:00,26.731855955678668,58.29085872576177,26.296952908587258,65.95290858725762
2025-04-27 07:43:01.981000+00:00,26.733425414364643,58.3232044198895,26.29889502762431,65.97955801104972
2025-04-27 07:43:12.809000+00:00,26.734986225895316,58.35537190082645,26.300826446280993,66.00495867768595
2025-04-27 07:43:23.078000+00:00,26.736538461538462,58.387362637362635,26.302747252747256,66.03131868131868
2025-04-27 07:43:33.961000+00:00,26.738082191780823,58.41917808219178,26.304657534246576,66.0572602739726
2025-04-27 07:43:44.277000+00:00,26.739617486338794,58.450819672131146,26.306830601092894,66.08032786885246
2025-04-27 07:43:55.562000+00:00,26.741144414168936,58.48228882833787,26.308991825613077,66.10408719346049
2025-04-27 07:44:06.012000+00:00,26.74266304347826,58.51358695652174,26.31086956521739,66.12744565217392
2025-04-27 07:44:17.005000+00:00,26.744173441734418,58.54471544715447,26.3130081300813,66.15121951219513
2025-04-27 07:44:27.696000+00:00,26.745945945945945,58.575675675675676,26.314864864864866,66.17432432432433
